uniprot_id,uniprot_kb_id,hgnc_symbol,gene_synonyms,protein_name,organism,sequence_length,molecular_weight,annotation_score,sequence,data_source
A0A0D9S1R0,APOE_CHLSB,APOE,"",Apolipoprotein E,Chlorocebus sabaeus,323,36558,5.0,MKVLWAALLVTFLAGCQAAADAPIKVEQPVEPETEPELRPQTEWQSGQPWELALGRFWDYLRWVQTLSEQVQEELLSPQVTQELTTLMDETMKELKAYKSELEEQLSPVAEETRARLSKELQAAQARLGADMEDVRSRLVQYRSEVQAMLGQSTEELRARLASHLRKLRKRLLRDADDLQKRLAVYQAGAREGAERGVSAIRERLGPLVEQGRVRAATVGSLASQPLQERAQALGERLRARMEEMGSRTRDRLDEVKEQVAEVRAKLEEQAQQISLQAEAFQARLKSWFEPLVEDMQRQWAGLVEKVQAAVGASTAPVPSDNH,UniProt
A0A144A2H0,AMPP_PLAF7,APP,"",Aminopeptidase P,Plasmodium falciparum (isolate 3D7),777,90130,5.0,MQLNFLLFVFIFLMVFHLNIFNKGKRQNLVSAYLNHFKKSYFSGVTSGSDCVNKSEVSSDNNNNNNNNNNKIAHNFFSKKYQRNFENNNLSENQENNKNIIYSGSNIFKNIYNTEMMSNNNTVDVNMMDNNPAARLEELRTIMKKNKIDVYILINSDEHNSEIINEKDKKIVKITNYSGADGILIVTKDKPILYVNALYELQAMNELDQNLFTLRISRIDNRDEIFETISSLEFNTIAFDGKNTSVVFYEKLRKALLNAYPKKKIVEKIIYNNNFDDVNKKDDENVLNFLVLEKSLVEIKDYPVNNKTLYIHDRKYNGACAGEKIDKLKQSLMYDIKNVDNLLLSELDEIAYLLNLRGYDYQYSPLFYSYLLFQFDREEQDFSKIVFFTTVKNLPADVKNLLEINKVIVKEYEEIVPYLRDVVIPSIPKHNDDNPDFKKYDISLSPYINLMIYKLFDRKNVLLQNSPVVKMKAVKNDVEIDNMKQAHILDGLALLQFFHWCEQKRKTKELFNETEMSLRHKVDYFRSTKKNFIFPSFSTISASGPNAAVIHYECTDKTNATIKPAIYLLDSGGQYLHGTTDVTRTTHFGEPTAEEKRIYTLVLKGHLRLRKVIFASYTNSSALDFIARENLFNNFMDYNHGTGHGVGLTLNVHEGGCSIGPVGGAPLKKNMVLSNEPGYYMKDKFGVRIENMQYVISKEITDTTEYLSFDDLTMYPYEKKLLDFSLLTNQEIKELNEYHTTIRNTLLPLVKQSPQEYGESVEKYLIEITEPIAIHNN,UniProt
A0A1L8F5J9,NMDZ1_XENLA,grin1,"","Glutamate receptor ionotropic, NMDA 1",Xenopus laevis,903,101793,5.0,MGTMRLFLLAVLFLFSFARAGCDPKIVNIGAVLSTKKHEQIFREAVNQANKRHFTRKIQLNATSVTHRPNAIQMALSVCEDLISSQVYAILVSHPPAPTDHLTPTPISYTAGFYRIPVIGLTTRMSIYSDKSIHLSFLRTVPPYSHQALVWFEMMRLFNWNHVILIVSDDHEGRAAQKKLETLLEEKESKADKVLQFEPGTKNLTALLLEAKELEARVIILSASEDDATAVYKSAAMLDMTGAGYVWLVGEREISGSALRYAPDGIIGLQLINGKNESAHISDAVAVVAQAIHELFEMENITDPPRGCVGNTNIWKTGPLFKRVLMSSKYPDGVTGRIEFNEDGDRKFANYSIMNLQNRKLVQVGIFNGSYIIQNDRKIIWPGGETERPQGYQMSTRLKIVTIHQEPFVYVRPTTSDGTCREEYTINGDPIKKVICNGPNETIPGRPTVPQCCYGFCVDLLIKLAREMNFTYEVHLVADGKFGTQERVNNSNKKEWNGMMGELLSGQADMIVAPLTINNERAQYIEFSKPFKYQGLTILVKKEIPRSTLDSFMQPFQSTLWLLVGLSVHVVAVMLYLLDRFSPFGRFKVNSEEEEEDALTLSSAMWFSWGVLLNSGIGEGAPRSFSARILGMVWAGFAMIIVASYTANLAAFLVLDRPEERITGINDPRLRNPSDKFIYATVKQSSVDIYFRRQVELSTMYRHMEKHNYESAAEAIQAVRDNKLHAFIWDSAVLEFEASQKCDLVTTGELFFRSGFGIGMRKDSPWKQNVSLNILKSHENGFMEELDKTWVRYQECDSRSNAPATLTFENMAGVFMLVAGGIVAGIFLIFIEIAYKRHKDARRKQMQLAFAAVNVWRKNLQDRKSGRAEPDPKKKASFRSITSTLASSFKRRRSSKDTVNVVV,UniProt
A2VEY9,APP_DROME,app,"",Palmitoyltransferase app,Drosophila melanogaster,693,75008,5.0,MNLLCCCCCSNMAPNQRVTRKWELFAGRNKFYCDGLLMSAPHTGVFYLTCILITGTSALFFAFDCPFLADSINPAIPIVGAVLYFFTMSSLLRTTFTDPGVIPRASNDEAAYIEKQIEVPNSLNSPTYRPPPRTKEVLVKGQTVKLKYCFTCKIFRPPRASHCSLCDNCVDRFDHHCPWVGNCVGKRNYRFFYLFLVSLAFLAVFIFSCSVTHLVLLMKKEHEVFNVIKAAPFTVIVVFICFFSIWSVIGLAGFHTYLTTSDQTTNEDLKGSFSSKGGPRTQNPYSRGNICLNCCHILCGPMTPSLIDRRGIATDEFIQQMQHQSSPRHALSDVLSASHMVTTSQPMMGGLGGGGIGGAGGGISIGGAELKPRFYDESNPSSSTLEGNGGAINGHGNGHGNGFDHPPPSYDLVQNGNSNSLAQLVDNEIPLVQMDIPAYTHQTATQARQYRHRHHKQRQICNGGTVSYENQLANASSEDELDDPDVVVVGSPEVVAAVAAIASNKAREMRNRSGSYSNLFDADFEAALVNSSLADNHVRGEGASSSGKPSAGAALLAAAISGKTENMYSNVLPVDNDTDPADSTLHVYSNIIDERKQQEQANNVLSSTLLCDDLDLDDPVSASCHVKRKSLGDGAEQVKSAERLRMLHDNTMIDTALDLDSLDGSSMGNNSQSCLVKSGKPNATSVTTNVAIV,UniProt
O12976,PSN1_XENLA,psen1,"",Presenilin-1,Xenopus laevis,433,48301,5.0,MNDTSERRSNENSESQSNGQTQSSSQQVLEQDEEEDEELTLKYGAKHVIMLFVPVTLCMVVVVATIKSVSFYTRFDGQLIYTPFTEDTESVGQRALNSILNATIMISVIIVMTILLVVLYKYRCYKVIHGWLIISSLLLLFFFSYIYLGEVFKTYNVAVDYITLALLIWNFGVVGMICIHWKGPLLLQQAYLIMISALMALVFIKYLPEWTTWLILAVISVYDLVAVLSPKGPLRMLVETAQERNETLFPALIYSSTMIWLVNMADGDPGLKQSASTKTYNTQAPTAHPRSDSAASDDNGGFDTTWEDHRNAQIGPINSTPESRVAVQALPSNSPPSEDPEERGVKLGLGDFIFYSVLVGKASATASGDWNTTLACFVAILIGLCLTLLLLAIFKKALPALPISITFGLVFYFATDYLVQPFMDQLAFHQFYI,UniProt
O12977,PSN2_XENLA,psen2,"",Presenilin-2,Xenopus laevis,449,50274,5.0,MIKLSDSEDEECNERTSLITSESPPLPSYQDGVQASEGLETSYHRERQPDSTQNNEDVPNGRTSGADAYNSETTVENEEEELTLKYGARHVIMLFVPVTLCMVVVVATIKSVSFYTEKDGQLIYTPFSEDTTSVGERLLNSVLNTLIMISVILVMTIFLVLLYKYRCYKFIHGWLILSSLMLLFMFTYIYLSEVFKTYNIAMDYPTLFMVIWNFGAVGMICIHWKGPLQLQQAYLIMISALMALVFIKYLPEWSAWVILGAISVYDLLAVLCPKGPLRMLVETAQERNEPIFPALIYSSAMMWTVGMADSATADGRMNQQVQHIDRNTPEGANSTVEDAAETRIQTQSNLSSEDPDEERGVKLGLGDFIFYSVLVGKAAATASGDWNTTLACFVAILIGLCLTLLLLAVFKKALPALPISITFGLIFYFSTDNIVRPFMDTLASHQMYI,UniProt
O42364,APOEB_DANRE,apoeb,apoe,Apolipoprotein Eb,Danio rerio,281,31674,5.0,MRSLVVFFALAVLTGCQARSLFQADAPQPRWEEMVDRFWQYVSELNTQTDGMVQNIKGSQLSRELDTLITDTMAELSSYSENLQTQMTPYASDAAGQLSKDLQLLAGKLQTDMTDAKERSTQYLQELKTMMEQNADDVKNRVGTYTRKLKKRLNKDTEEIRNTVATYMSEMQSRASQNADAVKDRFQPYMSQAQDGATQKLGAISELMKAQAQEVSEQLEVQAGALKEKLEETAENLRTSLEGRVDELTSLLAPYSQKIREQLQEVMDKIKEATAALPTQA,UniProt
O54952,BRCA1_RAT,Brca1,"",Breast cancer type 1 susceptibility protein homolog,Rattus norvegicus,1817,199879,5.0,MDLSAVRIQEVQNVLHAMQKILECPICLELIKEPVSTQCDHIFCKFCMLKLLNQKKGPSQCPLCKNEITKRSLQGSARFSQLVEELLKIIDAFELDTGMQCANGFSFSKKKNSSSELLNEDASIIQSVGYRNRVKKLQQIESGSATLKDSLSVQLSNLGIVRSMKKNRQTQPQNKSVYIALESDSSEERVNAPDGCSVRDQELFQIAPGGAGDEGKLNSAKKAACDFSEGIRNIEHHQCSDKDLNPTENHATERHPEKCPRISVANVHVEPCGTDARASSLQRGTRSLLFTEDRLDAEKAEFCDRSKQSGAAVSQQSRWADSKETCNGRPVPRTEGKADPNVDSLCGRKQWNHPKSLCPENSGATTDVPWITLNSSIQKVNEWFSRTGEMLTSDNASDRRPASNAEAAVVLEVSNEVDGCFSSSKKIDLVAPDPDNAVMCTSGRDFSKPVENIINDKIFGKTYQRKGSRPHLNHVTEIIGTFTTEPQIIQEQPFTNKLKRKRSTCLHPEDFIKKADLTVVQRISENLNQGTDQMEPNDQAMSITSNGQENRATGNDLQRGRNAHPIESLRKEPAFTAKAKSISNSISDLEVELNVHSSKAPKKNRLRRKSTRCVLPLEPISRNPSPPTCAELQIESCGSSEETKKNNSNQTPAGHIREPQLIEDTEPAADAKKNEPNEHIRKRSASDAFPEEKLMNKAGLLTSCSSPRKPQGPVNPSPERKGIEQLEMCQMPDNNKELGDLVLGGEPSGKPTEPSEESTSVSLVPDTDYDTQNSVSILEANTVRYARTGSVQCMTQFVASENPKELVHGSNNAGSGSECFKHPLRHELNHNQETIEMEDSELDTQYLQNTFQVSKRQSFALFSKLRSPQKDCTLVGARSVPSREPSPKVTSRGEQKERQGQEESEISHVQAVTVTVGLPVPCQEGKPGAVTMCADVSRLCPSSHYRSCENGLNTTDKSGISQNSHFRQSVSPLRSSIKTDNRKTLTEGRFEKHTERGMGNETAVQSTIHTISLNNRGDACLEASSGSVIEVHSTGENVQGQLDRNRGPKVNTVSLLDSTQPGVSKQSAPVSDKYLEIKQESKAVSADFSPCLFSDHLEKPMRSDKTFQVCSETPDDLLDDVEIQENASFGEGGITEKSAIFNGSVLRRESSRSPSPVTHASKSRSLHRGSRKLEFSEESDSTEDEDLPCFQHLLSRVSSTPELTRCSSVVTQRVPEKAKGTQAPRKSSISDCNNEVILGEASQEYQFSEDAKCSGSMFSSQHSAALGSPANALSQDPDFNPPSKQRRHQAENEEAFLSDKELISDHEDMAACLEEASDQEEDSIIPDSVASGYESEANLSEDCSQSDILTTQQRATMKDNLIKLQQEMAQLEAVLEQHGSQPSGHPPCLPADPCALEDLPDPEQNRSGTAILTSKNINENPVSQNPKRACDDKSQPQPPDGLPSGDKESGMRRPSPFKSPLTSSRCSARGHSRSLQNRNSTSQEELLQPAXLEKSCEPHNLTGRSCLPRQDLEGTPYPESGIRLVSSRDPDSESPKVSALVCTAPASTSALKISQGQVAGSCRSPAAGGADTAVVEIVSKIKPEVTSPKERAERDISMVVSGLTPKEVMIVQKFAEKYRLALTDVITEETTHVIIKTDAEFVCERTLKYFLGIAGGKWIVSYSWVIKSIQERKLLSVHEFEVKGDVVTGSNHQGPRRSRESQEKLFEGLQIYCCEPFTNMPKDELERMLQLCGASVVKELPLLTRDTGAHPIVLVQPSAWTEDNDCPDIGQLCKGRLVMWDWVLDSISVYRCRDLDAYLVQNITCGRDGSEPQDSND,UniProt
O54975,XPP1_RAT,Xpnpep1,App,Xaa-Pro aminopeptidase 1,Rattus norvegicus,623,69658,5.0,MAPKVTSELLRQLRQAMRNSECVAEPIQAYIIPSGDAHQSEYIAPCDCRRAFVSGFDGSAGTAIITEEHAAMWTDGRYFLQAAKQMDNNWTLMKMGLKDTPTQEDWLVSVLPEGSRVGVDPLIIPTDYWKKMAKVLRSAGHHLVPVKENLVDKIWTDRPERPCKPLLTLGLDYTGISWKEKVADLRLKMAERSIVWFVVTALDEIAWLFNLRGSDVEHNPVFFSYAIIGLERIMLFIDGDRIDAPGVKQHLLLDLGLEAEYKIQVLPYKSILSELKTLCADLSPREKVWVSDKASYAVSEAIPKDHRCCMPYTPICIAKAVKNSAESAGMRRAHIKDAVALCELFNWLEQEVPKGGVTEISAADKAEEFRRQQADFVDLSFPTISSTGPNGAIIHYAPIPETNRTLSLDEVYLIDSGAQYKDGTTDVTRTMHFGTPTAYEKECFTYVLKGHIAVSAAVFPTGTKGHLLDSFARSALWDSGLDYLHGTGHGVGSFLNVHEGPCGISYKTFSDEPLEAGMIVTDEPGYYEDGAFGIRIENVVLVVPAKTKYNFNNRGSLTFEPLTLVPIQTKMIDVDALTDKECDWLNSYHQTCRDVIGKELQTQGRQEALEWLLRETEPISRQH,UniProt
O73683,A4_DICFU,app,"",Amyloid-beta A4 protein,Dichotomyctere fluviatilis,780,88238,5.0,MGHSVAWLLLVAAASTLAAEVPTDVSMGLLAEPQVAMFCGKINMHINVQSGKWEPDPSGTKSCIGTKEGILQYCQEVYPELQITNVVEANQPVSIQNWCKKGRKQCRSHMHIVVPYRCLVGEFVSDALLVPDKCKFLHQERMNQCESHLHWHTVAKESCGDRAMNLHDYGMLLPCGIDRFRGVEFVCCPAEAERDMDSTEKDADDSDVWWGGADNDYSDNSMVREPEPAEQQEETRPSVVEEEEEGEVAQEDDEEEEEVLDTDQDGDGEEDHEAADDEEEEEDVDEIDAFGESDDVDADEPTTNVAMTTTTTTTTTESVEEVVRMFCWAHADTGPCTASMPSWYFDAVDGRTMYELMYGGCGGNMNNFESEEYCLSVCSSVVPTDMPSSPDAVDHYLETPADENEHAHFQKAKESLEAKHRERMSQVMREWEEAERQAKNLPRADKKIVIQRFQEKVEALEQEAASERQQLVETHMARVEALLNDRRRLALENYLTALQQDPPRPRHVFSLLKKYVRAEQKDRQHTLKHFEHVRMVDPKKAAQIRPQVLTHLRVIEERMNQSLGLLYKVPGVADDIQDQVELLQREQAEMAQQLANLQTDVRVSYGNDALMPDQELGDGQADLLPQEDTLGGVGFVHPESFNQLNTENQVEPVDSRPTFERGVPTRPVTGKSMEAVPELRMETEDRQSTEYEVHHQKLVFFAEDVGSNKGAIIGLMVGGVVIATVIVITLVMLRKKQYTSIHHGIIEVDAAVTPEERHLSKMQQNGYENPTYKFFEQMQN,UniProt
O88777,PSN2_RAT,Psen2,Ps2|Psnl2,Presenilin-2,Rattus norvegicus,448,50051,5.0,MLTFMASDSEEEVCDERTSLMSAESPTSRSCQDSRPGPEDGENTAQWRSQENEDDCEEDPDHYACSGVPGRPSGLEEELTLKYGAKHVIMLFVPVTLCMIVVVATIKSVRFYTEKNGQLIYTPFTEDTPSVGQRLLNSVLNTLIMISVIVVMTIFLVVLYKYRCYKFIHGWLIMSSLMLLFLFTYIYLGEVFKTYNVAMDYPTLFLAVWNFGAVGMVCIHWKGPLVLQQAYLIVISALMALVFIKYLPEWSAWVILGAISVYDLVAVLCPKGPLRMLVETAQERNEPIFPALIYSSAMVWTVGMAKLDPSSQGALQLPYDPEMEEDSYDSFGEPSYPEAFEAPQPGYPGEEPEEEEERGVKLGLGDFIFYSVLVGKAAATGNGDWSTTLACFIAILIGLCLTLLLLAVFKKALPALPISITFGLIFYFSTDNLVRPFMDTLASHQLYI,UniProt
O93279,A4_TAKRU,app,"",Amyloid-beta A4 protein,Takifugu rubripes,737,82857,5.0,MGETTAFVLLLVATLTRSSEIPADDTVGLLTEPQVAMFCGKLNMHINVQNGKWESDPSGTKSCLNTKEGILQYCQEVYPELQITNVVEANQPVSIQNWCKKGRKQCRSHTHIVVPYRCLVGEFVSDALLVPDKCKFLHQERMNQCESHLHWHTVAKESCGDRSMNLHDYGMLLPCGIDRFRGVKFVCCPAETEQETDSSEVEGEESDVWWGGADPEYSENSPPTPSRATYVAGDAFERDENGDGDEDEEDDEDVDPTDEQESDERTANVAMTTTTTTTTESVEEVVRAVCWAQAESGPCRAMLERWYFNPKKRRCVPFLFGGCGGNRNNFESEEYCLAVCSSSLPTVAPSPPDAVDQYFEAPGDDNEHADFRKAKESLEAKHRERMSQVMREWEEAERQAKNLPRADKKAVIQHFQEKVEALEQEAAGERQQLVETHMARVEALLNSRRRLTLENYLGALQANPPRARQVLSLLKKYVRAEQKDRQHTLKHYEHVRTVDPKKAAQIRPQVLTHLRVIDERMNQSLALLYKVPSVASEIQNQIYPAAGSDCKDPVEHCVCPQVDGLVSYGNDALMPDQAYSSAPMDMGVDGLGSIDQSFNQANTENHVEPVDARPIPDRGLPTRPVSSLKLEEMPEVRTETDKRQSAGYEVYHQKLVFFADDVGSNKGAIIGLMVGGVVIATVIVITLVMLRKKQYTSIHHGVIEVDAAVTPEERHLARMQQNGYENPTYKFFEQMQN,UniProt
P00533,EGFR_HUMAN,EGFR,ERBB|ERBB1|HER1,Epidermal growth factor receptor,Homo sapiens,1210,134277,5.0,MRPSGTAGAALLALLAALCPASRALEEKKVCQGTSNKLTQLGTFEDHFLSLQRMFNNCEVVLGNLEITYVQRNYDLSFLKTIQEVAGYVLIALNTVERIPLENLQIIRGNMYYENSYALAVLSNYDANKTGLKELPMRNLQEILHGAVRFSNNPALCNVESIQWRDIVSSDFLSNMSMDFQNHLGSCQKCDPSCPNGSCWGAGEENCQKLTKIICAQQCSGRCRGKSPSDCCHNQCAAGCTGPRESDCLVCRKFRDEATCKDTCPPLMLYNPTTYQMDVNPEGKYSFGATCVKKCPRNYVVTDHGSCVRACGADSYEMEEDGVRKCKKCEGPCRKVCNGIGIGEFKDSLSINATNIKHFKNCTSISGDLHILPVAFRGDSFTHTPPLDPQELDILKTVKEITGFLLIQAWPENRTDLHAFENLEIIRGRTKQHGQFSLAVVSLNITSLGLRSLKEISDGDVIISGNKNLCYANTINWKKLFGTSGQKTKIISNRGENSCKATGQVCHALCSPEGCWGPEPRDCVSCRNVSRGRECVDKCNLLEGEPREFVENSECIQCHPECLPQAMNITCTGRGPDNCIQCAHYIDGPHCVKTCPAGVMGENNTLVWKYADAGHVCHLCHPNCTYGCTGPGLEGCPTNGPKIPSIATGMVGALLLLLVVALGIGLFMRRRHIVRKRTLRRLLQERELVEPLTPSGEAPNQALLRILKETEFKKIKVLGSGAFGTVYKGLWIPEGEKVKIPVAIKELREATSPKANKEILDEAYVMASVDNPHVCRLLGICLTSTVQLITQLMPFGCLLDYVREHKDNIGSQYLLNWCVQIAKGMNYLEDRRLVHRDLAARNVLVKTPQHVKITDFGLAKLLGAEEKEYHAEGGKVPIKWMALESILHRIYTHQSDVWSYGVTVWELMTFGSKPYDGIPASEISSILEKGERLPQPPICTIDVYMIMVKCWMIDADSRPKFRELIIEFSKMARDPQRYLVIQGDERMHLPSPTDSNFYRALMDEEDMDDVVDADEYLIPQQGFFSSPSTSRTPLLSSLSATSNNSTVACIDRNGLQSCPIKEDSFLQRYSSDPTGALTEDSIDDTFLPVPEYINQSVPKRPAGSVQNPVYHNQPLNPAPSRDPHYQDPHSTAVGNPEYLNTVQPTCVNSTFDSPAHWAQKGSHQISLDNPDYQQDFFPKEAKPNGIFKGSTAENAEYLRVAPQSSEFIGA,UniProt
P02649,APOE_HUMAN,APOE,"",Apolipoprotein E,Homo sapiens,317,36154,5.0,MKVLWAALLVTFLAGCQAKVEQAVETEPEPELRQQTEWQSGQRWELALGRFWDYLRWVQTLSEQVQEELLSSQVTQELRALMDETMKELKAYKSELEEQLTPVAEETRARLSKELQAAQARLGADMEDVCGRLVQYRGEVQAMLGQSTEELRVRLASHLRKLRKRLLRDADDLQKRLAVYQAGAREGAERGLSAIRERLGPLVEQGRVRAATVGSLAGQPLQERAQAWGERLRARMEEMGSRTRDRLDEVKEQVAEVRAKLEEQAQQIRLQAEAFQARLKSWFEPLVEDMQRQWAGLVEKVQAAVGTSAAPVPSDNH,UniProt
P02650,APOE_RAT,Apoe,"",Apolipoprotein E,Rattus norvegicus,312,35753,5.0,MKALWALLLVPLLTGCLAEGELEVTDQLPGQSDQPWEQALNRFWDYLRWVQTLSDQVQEELQSSQVTQELTVLMEDTMTEVKAYKKELEEQLGPVAEETRARLAKEVQAAQARLGADMEDLRNRLGQYRNEVNTMLGQSTEELRSRLSTHLRKMRKRLMRDADDLQKRLAVYKAGAQEGAERGVSAIRERLGPLVEQGRQRTANLGAGAAQPLRDRAQALSDRIRGRLEEVGNQARDRLEEVREQMEEVRSKMEEQTQQIRLQAEIFQARIKGWFEPLVEDMQRQWANLMEKIQASVATNSIASTTVPLENQ,UniProt
P04412,EGFR_DROME,Egfr,c-erbB|DER|top,Epidermal growth factor receptor,Drosophila melanogaster,1426,159718,5.0,MLLRRRNGPCPFPLLLLLLAHCICIWPASAARDRYARQNNRQRHQDIDRDRDRDRFLYRSSSAQNRQRGGANFALGLGANGVTIPTSLEDKNKNEFVKGKICIGTKSRLSVPSNKEHHYRNLRDRYTNCTYVDGNLKLTWLPNENLDLSFLDNIREVTGYILISHVDVKKVVFPKLQIIRGRTLFSLSVEEEKYALFVTYSKMYTLEIPDLRDVLNGQVGFHNNYNLCHMRTIQWSEIVSNGTDAYYNYDFTAPERECPKCHESCTHGCWGEGPKNCQKFSKLTCSPQCAGGRCYGPKPRECCHLFCAGGCTGPTQKDCIACKNFFDEAVSKEECPPMRKYNPTTYVLETNPEGKYAYGATCVKECPGHLLRDNGACVRSCPQDKMDKGGECVPCNGPCPKTCPGVTVLHAGNIDSFRNCTVIDGNIRILDQTFSGFQDVYANYTMGPRYIPLDPERREVFSTVKEITGYLNIEGTHPQFRNLSYFRNLETIHGRQLMESMFAALAIVKSSLYSLEMRNLKQISSGSVVIQHNRDLCYVSNIRWPAIQKEPEQKVWVNENLRADLCEKNGTICSDQCNEDGCWGAGTDQCLTCKNFNFNGTCIADCGYISNAYKFDNRTCKICHPECRTCNGAGADHCQECVHVRDGQHCVSECPKNKYNDRGVCRECHATCDGCTGPKDTIGIGACTTCNLAIINNDATVKRCLLKDDKCPDGYFWEYVHPQEQGSLKPLAGRAVCRKCHPLCELCTNYGYHEQVCSKCTHYKRREQCETECPADHYTDEEQRECFQRHPECNGCTGPGADDCKSCRNFKLFDANETGPYVNSTMFNCTSKCPLEMRHVNYQYTAIGPYCAASPPRSSKITANLDVNMIFIITGAVLVPTICILCVVTYICRQKQKAKKETVKMTMALSGCEDSEPLRPSNIGANLCKLRIVKDAELRKGGVLGMGAFGRVYKGVWVPEGENVKIPVAIKELLKSTGAESSEEFLREAYIMASEEHVNLLKLLAVCMSSQMMLITQLMPLGCLLDYVRNNRDKIGSKALLNWSTQIAKGMSYLEEKRLVHRDLAARNVLVQTPSLVKITDFGLAKLLSSDSNEYKAAGGKMPIKWLALECIRNRVFTSKSDVWAFGVTIWELLTFGQRPHENIPAKDIPDLIEVGLKLEQPEICSLDIYCTLLSCWHLDAAMRPTFKQLTTVFAEFARDPGRYLAIPGDKFTRLPAYTSQDEKDLIRKLAPTTDGSEAIAKPDDYLQPKAAPGPSHRTDCTDEMPKLNRYCKDPSNKNSSTGDDERDSSAREVGVGNLRLDLPVDEDDYLMPTCQPGPNNNNNMNNPNQNNMAAVGVAAGYMDLIGVPVSVDNPEYLLNAQTLGVGESPIPTQTIGIPVMGGPGTMEVKVPMPGSEPTSSDHEYYNDTQRELQPLHRNRNTETRV,UniProt
P05067,A4_HUMAN,APP,A4|AD1,Amyloid-beta precursor protein,Homo sapiens,770,86943,5.0,MLPGLALLLLAAWTARALEVPTDGNAGLLAEPQIAMFCGRLNMHMNVQNGKWDSDPSGTKTCIDTKEGILQYCQEVYPELQITNVVEANQPVTIQNWCKRGRKQCKTHPHFVIPYRCLVGEFVSDALLVPDKCKFLHQERMDVCETHLHWHTVAKETCSEKSTNLHDYGMLLPCGIDKFRGVEFVCCPLAEESDNVDSADAEEDDSDVWWGGADTDYADGSEDKVVEVAEEEEVAEVEEEEADDDEDDEDGDEVEEEAEEPYEEATERTTSIATTTTTTTESVEEVVREVCSEQAETGPCRAMISRWYFDVTEGKCAPFFYGGCGGNRNNFDTEEYCMAVCGSAMSQSLLKTTQEPLARDPVKLPTTAASTPDAVDKYLETPGDENEHAHFQKAKERLEAKHRERMSQVMREWEEAERQAKNLPKADKKAVIQHFQEKVESLEQEAANERQQLVETHMARVEAMLNDRRRLALENYITALQAVPPRPRHVFNMLKKYVRAEQKDRQHTLKHFEHVRMVDPKKAAQIRSQVMTHLRVIYERMNQSLSLLYNVPAVAEEIQDEVDELLQKEQNYSDDVLANMISEPRISYGNDALMPSLTETKTTVELLPVNGEFSLDDLQPWHSFGADSVPANTENEVEPVDARPAADRGLTTRPGSGLTNIKTEEISEVKMDAEFRHDSGYEVHHQKLVFFAEDVGSNKGAIIGLMVGGVVIATVIVITLVMLKKKQYTSIHHGVVEVDAAVTPEERHLSKMQQNGYENPTYKFFEQMQN,UniProt
P08226,APOE_MOUSE,Apoe,"",Apolipoprotein E,Mus musculus,311,35867,5.0,MKALWAVLLVTLLTGCLAEGEPEVTDQLEWQSNQPWEQALNRFWDYLRWVQTLSDQVQEELQSSQVTQELTALMEDTMTEVKAYKKELEEQLGPVAEETRARLGKEVQAAQARLGADMEDLRNRLGQYRNEVHTMLGQSTEEIRARLSTHLRKMRKRLMRDAEDLQKRLAVYKAGAREGAERGVSAIRERLGPLVEQGRQRTANLGAGAAQPLRDRAQAFGDRIRGRLEEVGNQARDRLEEVREHMEEVRSKMEEQTQQIRLQAEIFQARLKGWFEPIVEDMHRQWANLMEKIQASVATNPIITPVAQENQ,UniProt
P08592,A4_RAT,App,A4|AD1,Amyloid-beta precursor protein,Rattus norvegicus,770,86704,5.0,MLPSLALLLLAAWTVRALEVPTDGNAGLLAEPQIAMFCGKLNMHMNVQNGKWESDPSGTKTCIGTKEGILQYCQEVYPELQITNVVEANQPVTIQNWCKRGRKQCKTHTHIVIPYRCLVGEFVSDALLVPDKCKFLHQERMDVCETHLHWHTVAKETCSEKSTNLHDYGMLLPCGIDKFRGVEFVCCPLAEESDSIDSADAEEDDSDVWWGGADTDYADGGEDKVVEVAEEEEVADVEEEEAEDDEDVEDGDEVEEEAEEPYEEATERTTSIATTTTTTTESVEEVVREVCSEQAETGPCRAMISRWYFDVTEGKCAPFFYGGCGGNRNNFDTEEYCMAVCGSVSSQSLLKTTSEPLPQDPVKLPTTAASTPDAVDKYLETPGDENEHAHFQKAKERLEAKHRERMSQVMREWEEAERQAKNLPKADKKAVIQHFQEKVESLEQEAANERQQLVETHMARVEAMLNDRRRLALENYITALQAVPPRPHHVFNMLKKYVRAEQKDRQHTLKHFEHVRMVDPKKAAQIRSQVMTHLRVIYERMNQSLSLLYNVPAVAEEIQDEVDELLQKEQNYSDDVLANMISEPRISYGNDALMPSLTETKTTVELLPVNGEFSLDDLQPWHPFGVDSVPANTENEVEPVDARPAADRGLTTRPGSGLTNIKTEEISEVKMDAEFGHDSGFEVRHQKLVFFAEDVGSNKGAIIGLMVGGVVIATVIVITLVMLKKKQYTSIHHGVVEVDAAVTPEERHLSKMQQNGYENPTYKFFEQMQN,UniProt
P0CY46,EGFR_APIME,Egfr,"",Epidermal growth factor receptor,Apis mellifera,1292,144362,5.0,MYNNYNLCHIRTINWEEIITGPSAMYSYVYNFTSPERACTPCDKSCEQGCWGEGPENCQKYSKTNCSPQCWQGRCFGPNPRECCHLFCAGGCTGPKQSDCIACKNFFDDGVCTQECPPMQKYNPTTYSWEPNPDGKYAYGATCVRRCPEHLLKDNGACVRSCPPKKKALNGECVPCDGPCPKTCKGVEKVHSGNIDSFKDCTIIEGSITILDQSFQGFQHVYRNFSFGKRYEKMHPDKLEVFSTLKEITGFLNIQGDHKDFKNLSYFRNLEVIGGRTLTEYFASLYVVKTSLVSFGLSSLKKIYSGSIAILENKNLCYAQSINWTRIKKSSEHESLLSNNRNESECIKDGLVCDEQCSDEGCWGPGPAQCLSCKNFILGNDCLQDCTAPGIYQADEKTCKVCHEECDGSCIGPNTDHCKKCKHARDGPFCVPECPASKYNDNGVCKSCHGNCVGGCEGPENNIGPNGCHSCDKAILNDHVPEGCLQKKESCPDGYYYEWVSPLEQGPLKPLASKAVCRKCHSRCKKCTGYGFHEHVCQECTKYKRGEQCEDECPADYFADANKLCIPCFSECRGCFGPGPNQCYKCRNYKIYIDEDTDGNTTSFNCTETCTPEYPHKIFNPDSEPYCSLETAGLIENELQPAILAGVAVFALAFLVVAAIIMYFWRVRAKAKENTVKMTMALTGLDDNEPLRPTGVKPNLAKLRIIKEEEMRKGGILGYGAFGNVYKGVWVPEGENVKIPVAIKVLHDGTGANTSKEFLDEAYIMASVEHPNLLQLLAVCMTSQMMLVTQLMPLGCLLDFVRRFKDKIGSKALLNWCTQIARGMAYLEERRLVHRDLAARNVLVQTPNCVKITDFGLAKLLDINEEQYKAAGGKMPIKWLALECIQHRVFTHKSDVWAFGVTIWEVLTYGGRPYENVPARNVPELLEKGERLPQPAICTIDVYMIMIKCWMLDAESRPSFKELAEDFAKMSRDPGRYLAIKGDKYMRLPSYTLQDEKEMIRNLASAMDGPEALVDADEYLQPKSRAPIPPGLSASSTSGSPPNTPVKPCWPNGKPLAADSPTPQNQQNWDRELLRYGANHRNGNVSSHEPGNSAQHGHYTPPNGHCGHVVGSDSTASRYCSDPLKMIDVRDCDVTDDCFDGEVNSAHQQAQVGNLKLDLPLDEDDYLMPSPQLPTNTTQYMDLIGDSKPTEMEPKRVNNGYRKYPEFLTIQGKTSLDNPEYIMSQDEGPLTPQTIGIPTPDLEKVLTNGTFGSQVRQRSSEEESDHEYYNDFDRLERELQPLKPLRKNETTV,UniProt
P0DKW8,APOE_SAIBB,APOE,"",Apolipoprotein E,Saimiri boliviensis boliviensis,320,36306,5.0,MKVLWAAFLVAFLAGCQGKVEQVVEPELGPEPELHPQADWQSGQPWELALGRFWDYLRWVQTLSEQVQEELLSSQVTQELTALMDETMKELKAYKSELEEQLSPVAEETRARLSKELQAAQARLGADMEDVRSRLAQYRSEVQAMLGQSTDELRARLASHLRKLRKRLLRDVDDLQKRLAVYQAGAREGAERGVSAIRERLGPLVEQGRARAATVGSSLASQPLQERAQAWGERLRARMEEVGSRTRDRLDEVKEQVEEVRAKLEEQAQQMRLQAEAFQARLKSWFEPLVEDMQRQWAGLVEKVQAAVGASATPVPSDNH,UniProt
P0DML7,APOE_BALAS,APOE,"",Apolipoprotein E,Balaenoptera acutorostrata scammoni,313,35892,5.0,MKVLWVALVITLLAGCQAEVEPEPEPEVQLGREWPGWQGSQPWEQALGRFWDYLRWVQTLSDQVQEELLSTQVIQELTVLMDETMKEVKAYREELEEQLGPIAQETQARVSKELQAAQARLASDMEDVRSRLAQYRSEVQAVMGQTTDELRGRLASHLRKLRKRLLRDAEDLQKRLAVYRAGAVEGSERSVSAIRERLGPLMEKGRGRAGTLASQTLRERAEAWHQKLRGRVEEMGTQARDHLEEIREQLEEVRAKVEEQGSQIRLQAEAFQARLKSWFEPLVEDMQRQWAGLVEKVQLAMATSSTSAPSENH,UniProt
P0DML8,APOE_LIPVE,APOE,"",Apolipoprotein E,Lipotes vexillifer,316,36199,5.0,MKVLWVALVITLLAGCQAEVEPEPEPEVQLGQEWPGWQDSQPWEQALGRFWDYLRWVQTLSDQVQEELLSTQVIQELTVLMDETMKEVKAYREELEGQLAPIAQETQARVSKELQAAQARLASDMEDVRSRLAQYRSEVQAMMGQTTDELRGRLASHLRKLRKRLLRDAEDLQKRLAVYRAGALEGSERSVSAIRERLGPLVEQGRARAATVGTLASQTLRERAEAWHQKLRGRVEEMGTQARDHLEEMREQLEEVRAKVEEQGSQMRLQAEAFQARLKSWFEPLVEDMQRQWAGLVEKVQLAMATSSTSAPSENH,UniProt
P0DMM1,APOE_TURTR,APOE,"",Apolipoprotein E,Tursiops truncatus,316,36293,5.0,MKVLWVALVITLLAGCQAEVEPEPEPEVQLGREWPRWQGSQPWEQALGRFWDYLRWVQTLSDQVQEELLSTQVIQELTVLMDETMKEVKAYREELEGQLGPIAQETQARVSKELQAAQARLASDMEDVRSRVAQYRSEVQALMGQTTDELRGRLASHLRKLRKRLLRDAEDLQKRLVVYRAGALEGSERSVSAIRERLGPLVEQGRVRAATVGTLASQTLRERAEAWHQKLRGRMEEMGTQARDHLEEMREQLEEVRAKVEEQGSQMRLQAEAFQARLKSWFEPLVEDMQRQWAGLVEKVQLAMATGPTSAPIENN,UniProt
P0DMT6,APOE_ALLMI,APOE,"",Apolipoprotein E,Alligator mississippiensis,258,30178,5.0,MRVWTVLLGAVLLLAACQADVQDVETKVKAKWEETVEVFREYVNRLSLATDDITEQITSSQMGKEMDMLIKDXVAELHAYRKDVEERLGPQAVVMRERLHTDVTVLGERLRVDMEEAKTRVQQYLGEARQVAGQNLEDVRSRVGTYLRKLRKRLAKDTEELRRKLEAYSKEATQHLETVREDLEPLREKGQQRLETLQQALRDQGQRLREQLEVRAQEMRGSLDRAATQLQEWLEPFLEDIRTQMQGLLDKLQXKEQQ,UniProt
P0DO95,APOE_RHIRO,APOE,"",Apolipoprotein E,Rhinopithecus roxellana,317,36008,5.0,MKVLWAALLVTFLAGCQAKVEQPVESEPEPELRQQTEWQSGQPWELALGRFWDYLRWVQTLSEQVQEELLSSQVTQELTTLMDETMKELKAYKSELEEQLSPVAEETRARLSKELQAAQARLGADMEDVRSRLVQYRGEVQAMLGQSTEELRARLASHLRKLRKRLLRDADDLQKRLAVYQAGAREGAERGVSAIRERLGPLVEQGRVRAATVGSLAGQPLQERAQAWGERLRARMEEVGSRTRDRLDEVKEQVAEVRAKLEEQAQQISLQAEAFQARLKSWFEPLVEDMQRQWAGLVEKVQAAVGASTAPVPSDNH,UniProt
P0DOC3,APOE_CAMDR,APOE,"",Apolipoprotein E,Camelus dromedarius,317,36035,5.0,MKALWVALVVTLLAGCRAEVEPEPEPEVQLGQEQPEWQGSQPWELALGRLWDYLRWVQTLSDQVQEELLSTQVTQELTALMEETMKEVKAYKAELEEQLSPVAQETRARLSKELQAAQARLGTDMEDLRSRLAHYRNEVQAMLGQTTDELRNRLASHLRKLRKRLLRDAEDLQKRLAVYRAGAVEGAERSVSALRERLGPLVEQGRLGTATTSTLGSQPLRERAEAWGQKLRGRLEAVGARAQDRLDKMREQLEEVRAKVEEQASQMRLQAETFQARLKGWFQPLVEDLQRQWAGLVEKVQQLAVGTTPTPAASKNQ,UniProt
P0DUY3,APOE_CAVTS,APOE,"",Apolipoprotein E,Cavia tschudii,298,34301,5.0,MKVLWAALVVTLLAGCRADVEPEVEVREPAVWQSGQPWELALSRFWDYLRWVQTLSDQVQEELLSNQVTQELTLLIEDTMKEVKDYKAELEKELGPVAEDTKARLAKELQAAQARLGADMEEVRNRLSQYRSEVQAMLGQSSEELRARLTSHLRKMRKRLQRDIDELQKRMAVYKAGAQEGAERGVSAIRERLGSLIEQGRLQALTSQPLQERAQAWGEQMRGRLEKVGSQARDRLEEVREQMEEVRVKVEEQAEAFQARLKSWFEPMMEDMRRQWAELIQKVQVAVGASTSAPSQEP,UniProt
P0DUY4,APOE_CTESO,APOE,"",Apolipoprotein E,Ctenomys sociabilis,299,34144,5.0,MKVLCTVLVVTLLAGCQADVQPEPEALEPAVRKSDQPWELALGRFWDYLRWVQTLSDQVQEELLSSQVTQELTVLMEDTMKAVKAYKSELEQELVPMAEDTKARLSKELQAAQARLGADMEEVRNRLAQYRSEMQAMLGQSAEELRARLASHLRKLRKKLLRDAEDLQKRLAVYKDGASEGAERSVSAVRERLESLVEQSRARAALTSQPLQERAQAWGKRLRGRLEEVGSQARDRLEEVREQMEEVRVKMEEQAEAFQARLKGWFEPMVEDMRRQWADLIEKVQAAVGASTPTPSQKP,UniProt
P0DUY6,APOE_DINBR,APOE,"",Apolipoprotein E,Dinomys branickii,300,34333,5.0,MKVLWAVLVVTLLAGCQADVEPELEAQEPAVWQNGQPWELALGRFWDYLRWVQTLSDQVQEELLSSQVTQELTVLMEDTMKEVKAYKSELEQELAPMAEETKARLSKELKAAQARLGADMEEVRNRLSQYRGEVQSMLGHSAEELRARLATHLRKLRKRLLRDAEDLQKRLAVYKAGASEGAERSVSAIRERLGSLVEQGRLRTAALTSQPLQERAQAWGERLRGRLEEVGSKARDRLDEVREQMEEVRLKVEEQAEAFQARLKGWFEPMMEDIRRQWADLIEKMQAAVGTSTPAPTQKP,UniProt
P0DUY9,APOE_GRASU,Apoe,"",Apolipoprotein E,Grammomys surdaster,310,35733,5.0,MKALWAVLLATLLTGCLSEGEPEVTEQLSWQSDQPWEQALNRFWDYLRWVQTLSDQVQEELQNSQVTQELTVLMEDTMTEVKAYKKELEEQLGPVAEETRARLAKEVQAAQARLGADMEDLRNRLAQYRNEVHTMLGQSTEELRSRLSSHLRKMRKRLMRDAEDLQKRLAVYKAGAREGAERGVSAIRERLGPLVEQGRQRTANLGAGVAQPLRDRAQALGDRLRGRLEEVGNQARDRLEEMREHMEEVRSKMEEQTQQIRLQAEIFQARLKGWFEPLVEDMQRQLANLVEKIQASTNSVLSTSVPQENQ,UniProt
P0DUZ2,APOE_HYSCR,APOE,"",Apolipoprotein E,Hystrix cristata,306,34835,5.0,MKVLWAVLVVTLLAGCQADVEPALEVGEPAPEVREPAMWQSGQPWELALGRFWDYLRWVQTLSDQVQEELLSSQVTQELTVLMEDTMKEVKAYKSELEQELGPMAEDTKARLSKELQAAQARLGADMEEVRNRLTQYRSEVQTMLGQSAEELRARLASHLRKLRKRLLRDAEDLQKRLAVYKAGAQEGAERGVSAIRERLGSLVEQGRLRAAQTSQPLRERAQAWGERLRGRLEEVGGQARDRLDVVREQMEEVRAKVEEQAEAFQARLKGWFEPVVEDMRRQWAELIEKVQVAVGASTPAPSEKH,UniProt
P0DUZ4,APOE_MICOH,APOE,"",Apolipoprotein E,Microtus ochrogaster,316,36183,5.0,MKALWAVLVVTLLAGCLAEGDPELEPEVTDQLGWQTNQPWEQALGRFWDYLRWVQTLSDQVQQELQTSQVTQELTVLMEDTMTELKAYKKELEEQMGPMAEETRARLAKEVQAAQSRLGADMEDLRNRLGLYRNEVQTMLGQSTEELRARLTTHLRKLRKRLMRDAEDLQKRLAVYKAGAREGAERGVGAIRERLGPLVEQGRQRTANLGAGAAQPLRERAQALGARIRGRLEEVGNQARDRLEEVREQMEEVRAKVEEQAQQMRLQAEIFQTRLKGWFEPLVEDMQRQWANLMEKIQASVATNPIPPSSVPQESQ,UniProt
P0DUZ7,APOE_PERLE,Apoe,"",Apolipoprotein E,Peromyscus leucopus,316,35985,5.0,MKALWAVLVVTLLAGCLAEGEPELEPEVTDRLAWQSGQPWEVALGRFWDYLRWVQTLSDQVQEELQSSQVTQELTVLMEDTMTELKAYKKELEEQLGPMAEETRARLAKEVQAAQSRLGADMEDLRNRLAQYRNEVHTMLGQSTEELRARLSTHLRKLRKRLMRDAEDLQKRLAVYKAGAREGAERGVGAIRERLGPLVEQGRQRTANLGAGAGKPLQDRAQALGARIRGRLEEVGNQARDRLEEMREQMEEVRAKVEEQAQQMRLQAEIFQARLKGWFEPLVEDMQRQWANLVEKIQASVAANPIPPSSVPQESP,UniProt
P0DUZ9,APOE_THRSW,Apoe,"",Apolipoprotein E,Thryonomys swinderianus,299,34223,5.0,MKVLWALLVVTILAGCRAEVQPELEVQAPAGWQSGQPWELALGRFWDYLRWVQTLSDQVQEELLNSQVTQELTVLMEDTMKEVKAYKSELEQELGPMAEDTKARLSKELQAAQARLGADMEEVRNRLAQYRGEMQAMLGQSAEELRARLASHLRKLRKRLLRDAEDLQKRLAVYRAGAQEGAERGVSAIRERLGSLVEQSRLRAALTSQPLHERAQAWGERLRGRLEEVGGQARDRLDEVREQMQEVRAKMEEQAEAFQARLKGWFEPLVEDMRRQWSDLVEKVQVAVRASTAAPSENH,UniProt
P0DV00,APOE_TYMBA,Apoe,"",Apolipoprotein E,Tympanoctomys barrerae,299,34122,5.0,MKVLCTVLVVTLLAGCRADVEPEPEVLEPAVWKSGQPWELALGRFWDYVRWVQTLSDQVQEELLSSQVTQELTVLMEDTMKAVKAYKSELEQELVPMAEDTKARLSKELQAAQARLGADMEEVRNRLALYRNEMQAMLGQSAEELRARLASHLRKLRKRMLRDAEDLQKRLAVYKDGASEGAERGVSAIRERLGSLVEQSRVRAALTSQPLQERAQAWGKQLRGRLEEVRGQAQDRLEEVREQMEEVRVKIEEQAEAFQARLKGWFEPMVEDMRRQWADLIEKVQAAVGASTPAPTQNP,UniProt
P12023,A4_MOUSE,App,A4|AD1,Amyloid-beta precursor protein,Mus musculus,770,86722,5.0,MLPSLALLLLAAWTVRALEVPTDGNAGLLAEPQIAMFCGKLNMHMNVQNGKWESDPSGTKTCIGTKEGILQYCQEVYPELQITNVVEANQPVTIQNWCKRGRKQCKTHTHIVIPYRCLVGEFVSDALLVPDKCKFLHQERMDVCETHLHWHTVAKETCSEKSTNLHDYGMLLPCGIDKFRGVEFVCCPLAEESDSVDSADAEEDDSDVWWGGADTDYADGGEDKVVEVAEEEEVADVEEEEADDDEDVEDGDEVEEEAEEPYEEATERTTSTATTTTTTTESVEEVVREVCSEQAETGPCRAMISRWYFDVTEGKCVPFFYGGCGGNRNNFDTEEYCMAVCGSVSTQSLLKTTSEPLPQDPDKLPTTAASTPDAVDKYLETPGDENEHAHFQKAKERLEAKHRERMSQVMREWEEAERQAKNLPKADKKAVIQHFQEKVESLEQEAANERQQLVETHMARVEAMLNDRRRLALENYITALQAVPPRPHHVFNMLKKYVRAEQKDRQHTLKHFEHVRMVDPKKAAQIRSQVMTHLRVIYERMNQSLSLLYNVPAVAEEIQDEVDELLQKEQNYSDDVLANMISEPRISYGNDALMPSLTETKTTVELLPVNGEFSLDDLQPWHPFGVDSVPANTENEVEPVDARPAADRGLTTRPGSGLTNIKTEEISEVKMDAEFGHDSGFEVRHQKLVFFAEDVGSNKGAIIGLMVGGVVIATVIVITLVMLKKKQYTSIHHGVVEVDAAVTPEERHLSKMQQNGYENPTYKFFEQMQN,UniProt
P13387,EGFR_CHICK,EGFR,"",Epidermal growth factor receptor,Gallus gallus,703,77427,5.0,MGVRSPLSASGPRGAAVLVLLLLGVALCSAVEEKKVCQGTNNKLTQLGHVEDHFTSLQRMYNNCEVVLSNLEITYVEHNRDLTFLKTIQEVAGYVLIALNMVDVIPLENLQIIRGNVLYDNSFALAVLSNYHMNKTQGLRELPMKRLSEILNGGVKISNNPKLCNMDTVLWNDIIDTSRKPLTVLDFASNLSSCPKCHPNCTEDHCWGAGEQNCQTLTKVICAQQCSGRCRGKVPSDCCHNQCAAGCTGPRESDCLACRKFRDDATCKDTCPPLVLYNPTTYQMDVNPEGKYSFGATCVRECPHNYVVTDHGSCVRSCNTDTYEVEENGVRKCKKCDGLCSKVCNGIGIGELKGILSINATNIDSFKNCTKINGDVSILPVAFLGDAFTKTLPLDPKKLDVFRTVKEISGFLLIQAWPDNATDLYAFENLEIIRGRTKQHGQYSLAVVNLKIQSLGLRSLKEISDGDIAIMKNKNLCYADTMNWRSLFATQSQKTKIIQNRNKNDCTADRHVCDPLCSDVGCWGPGPFHCFSCRFFSRQKECVKQCNILQGEPREFERDSKCLPCHSECLVQNSTAYNTTCSGPGPDHCMKCAHFIDGPHCVKACPAGVLGENDTLVWKYADANAVCQLCHPNCTRGCKGPGLEGCPNGSKTPSIAAGVVGGLLCLVVVGLGIGLYLRRRHIVRKRTLRRLLQERELVEPLTP,UniProt
P18649,APOE_CANLF,APOE,"",Apolipoprotein E,Canis lupus familiaris,323,37224,5.0,MKVLWAALVVTLLAGCWADVQPEPELERELEPKVQQELEPEAGWQTGQPWEAALARFWDYLRWVQTLSDQVQEGVLNTQVTQELTALMDETMKEVKAYKAELDEQLGPMTSETQARVAKELQAAQARLRSDMEDVRNRLTQYRGELQAMLGQSSEELRARFASHMRKLRKRVLRDAEDLQRRLAVYKAGVREGAERSVSSIRERLWPLLEQARERNAKVGALATQPLLERADALGQQLRGQLEEMSSRARGHLEEMREQIQEVRVKMEEQADQIRQKAEAFQARLKSWFEPLLEDMQRQWDGLVEKVQAAVATIPTSKPVEEP,UniProt
P29216,A4_MACMU,APP,"",Amyloid-beta precursor protein,Macaca mulatta,76,8527,5.0,EVCSEQAETGPCRAMISRWYFDVTEGKCAPFFYGGCGGNRNNFDTEEYCMAVCGSVMSQSLRKTTREPLTRDPVKL,UniProt
P35438,NMDZ1_MOUSE,Grin1,Glurz1,"Glutamate receptor ionotropic, NMDA 1",Mus musculus,938,105481,5.0,MSTMHLLTFALLFSCSFARAACDPKIVNIGAVLSTRKHEQMFREAVNQANKRHGSWKIQLNATSVTHKPNAIQMALSVCEDLISSQVYAILVSHPPTPNDHFTPTPVSYTAGFYRIPVLGLTTRMSIYSDKSIHLSFLRTVPPYSHQSSVWFEMMRVYNWNHIILLVSDDHEGRAAQKRLETLLEERESKAEKVLQFDPGTKNVTALLMEARDLEARVIILSASEDDAATVYRAAAMLNMTGSGYVWLVGEREISGNALRYAPDGIIGLQLINGKNESAHISDAVGVVAQAVHELLEKENITDPPRGCVGNTNIWKTGPLFKRVLMSSKYADGVTGRVEFNEDGDRKFANYSIMNLQNRKLVQVGIYNGTHVIPNDRKIIWPGGETEKPRGYQMSTRLKIVTIHQEPFVYVKPTMSDGTCKEEFTVNGDPVKKVICTGPNDTSPGSPRHTVPQCCYGFCVDLLIKLARTMNFTYEVHLVADGKFGTQERVNNSNKKEWNGMMGELLSGQADMIVAPLTINNERAQYIEFSKPFKYQGLTILVKKEIPRSTLDSFMQPFQSTLWLLVGLSVHVVAVMLYLLDRFSPFGRFKVNSEEEEEDALTLSSAMWFSWGVLLNSGIGEGAPRSFSARILGMVWAGFAMIIVASYTANLAAFLVLDRPEERITGINDPRLRNPSDKFIYATVKQSSVDIYFRRQVELSTMYRHMEKHNYESAAEAIQAVRDNKLHAFIWDSAVLEFEASQKCDLVTTGELFFRSGFGIGMRKDSPWKQNVSLSILKSHENGFMEDLDKTWVRYQECDSRSNAPATLTFENMAGVFMLVAGGIVAGIFLIFIEIAYKRHKDARRKQMQLAFAAVNVWRKNLQDRKSGRAEPDPKKKATFRAITSTLASSFKRRRSSKDTSTGGGRGALQNQKDTVLPRRAIEREEGQLQLCSRHRES,UniProt
P35439,NMDZ1_RAT,Grin1,Nmdar1,"Glutamate receptor ionotropic, NMDA 1",Rattus norvegicus,938,105509,5.0,MSTMHLLTFALLFSCSFARAACDPKIVNIGAVLSTRKHEQMFREAVNQANKRHGSWKIQLNATSVTHKPNAIQMALSVCEDLISSQVYAILVSHPPTPNDHFTPTPVSYTAGFYRIPVLGLTTRMSIYSDKSIHLSFLRTVPPYSHQSSVWFEMMRVYNWNHIILLVSDDHEGRAAQKRLETLLEERESKAEKVLQFDPGTKNVTALLMEARELEARVIILSASEDDAATVYRAAAMLNMTGSGYVWLVGEREISGNALRYAPDGIIGLQLINGKNESAHISDAVGVVAQAVHELLEKENITDPPRGCVGNTNIWKTGPLFKRVLMSSKYADGVTGRVEFNEDGDRKFANYSIMNLQNRKLVQVGIYNGTHVIPNDRKIIWPGGETEKPRGYQMSTRLKIVTIHQEPFVYVKPTMSDGTCKEEFTVNGDPVKKVICTGPNDTSPGSPRHTVPQCCYGFCIDLLIKLARTMNFTYEVHLVADGKFGTQERVNNSNKKEWNGMMGELLSGQADMIVAPLTINNERAQYIEFSKPFKYQGLTILVKKEIPRSTLDSFMQPFQSTLWLLVGLSVHVVAVMLYLLDRFSPFGRFKVNSEEEEEDALTLSSAMWFSWGVLLNSGIGEGAPRSFSARILGMVWAGFAMIIVASYTANLAAFLVLDRPEERITGINDPRLRNPSDKFIYATVKQSSVDIYFRRQVELSTMYRHMEKHNYESAAEAIQAVRDNKLHAFIWDSAVLEFEASQKCDLVTTGELFFRSGFGIGMRKDSPWKQNVSLSILKSHENGFMEDLDKTWVRYQECDSRSNAPATLTFENMAGVFMLVAGGIVAGIFLIFIEIAYKRHKDARRKQMQLAFAAVNVWRKNLQDRKSGRAEPDPKKKATFRAITSTLASSFKRRRSSKDTSTGGGRGALQNQKDTVLPRRAIEREEGQLQLCSRHRES,UniProt
P38398,BRCA1_HUMAN,BRCA1,RNF53,Breast cancer type 1 susceptibility protein,Homo sapiens,1863,207721,5.0,MDLSALRVEEVQNVINAMQKILECPICLELIKEPVSTKCDHIFCKFCMLKLLNQKKGPSQCPLCKNDITKRSLQESTRFSQLVEELLKIICAFQLDTGLEYANSYNFAKKENNSPEHLKDEVSIIQSMGYRNRAKRLLQSEPENPSLQETSLSVQLSNLGTVRTLRTKQRIQPQKTSVYIELGSDSSEDTVNKATYCSVGDQELLQITPQGTRDEISLDSAKKAACEFSETDVTNTEHHQPSNNDLNTTEKRAAERHPEKYQGSSVSNLHVEPCGTNTHASSLQHENSSLLLTKDRMNVEKAEFCNKSKQPGLARSQHNRWAGSKETCNDRRTPSTEKKVDLNADPLCERKEWNKQKLPCSENPRDTEDVPWITLNSSIQKVNEWFSRSDELLGSDDSHDGESESNAKVADVLDVLNEVDEYSGSSEKIDLLASDPHEALICKSERVHSKSVESNIEDKIFGKTYRKKASLPNLSHVTENLIIGAFVTEPQIIQERPLTNKLKRKRRPTSGLHPEDFIKKADLAVQKTPEMINQGTNQTEQNGQVMNITNSGHENKTKGDSIQNEKNPNPIESLEKESAFKTKAEPISSSISNMELELNIHNSKAPKKNRLRRKSSTRHIHALELVVSRNLSPPNCTELQIDSCSSSEEIKKKKYNQMPVRHSRNLQLMEGKEPATGAKKSNKPNEQTSKRHDSDTFPELKLTNAPGSFTKCSNTSELKEFVNPSLPREEKEEKLETVKVSNNAEDPKDLMLSGERVLQTERSVESSSISLVPGTDYGTQESISLLEVSTLGKAKTEPNKCVSQCAAFENPKGLIHGCSKDNRNDTEGFKYPLGHEVNHSRETSIEMEESELDAQYLQNTFKVSKRQSFAPFSNPGNAEEECATFSAHSGSLKKQSPKVTFECEQKEENQGKNESNIKPVQTVNITAGFPVVGQKDKPVDNAKCSIKGGSRFCLSSQFRGNETGLITPNKHGLLQNPYRIPPLFPIKSFVKTKCKKNLLEENFEEHSMSPEREMGNENIPSTVSTISRNNIRENVFKEASSSNINEVGSSTNEVGSSINEIGSSDENIQAELGRNRGPKLNAMLRLGVLQPEVYKQSLPGSNCKHPEIKKQEYEEVVQTVNTDFSPYLISDNLEQPMGSSHASQVCSETPDDLLDDGEIKEDTSFAENDIKESSAVFSKSVQKGELSRSPSPFTHTHLAQGYRRGAKKLESSEENLSSEDEELPCFQHLLFGKVNNIPSQSTRHSTVATECLSKNTEENLLSLKNSLNDCSNQVILAKASQEHHLSEETKCSASLFSSQCSELEDLTANTNTQDPFLIGSSKQMRHQSESQGVGLSDKELVSDDEERGTGLEENNQEEQSMDSNLGEAASGCESETSVSEDCSGLSSQSDILTTQQRDTMQHNLIKLQQEMAELEAVLEQHGSQPSNSYPSIISDSSALEDLRNPEQSTSEKAVLTSQKSSEYPISQNPEGLSADKFEVSADSSTSKNKEPGVERSSPSKCPSLDDRWYMHSCSGSLQNRNYPSQEELIKVVDVEEQQLEESGPHDLTETSYLPRQDLEGTPYLESGISLFSDDPESDPSEDRAPESARVGNIPSSTSALKVPQLKVAESAQSPAAAHTTDTAGYNAMEESVSREKPELTASTERVNKRMSMVVSGLTPEEFMLVYKFARKHHITLTNLITEETTHVVMKTDAEFVCERTLKYFLGIAGGKWVVSYFWVTQSIKERKMLNEHDFEVRGDVVNGRNHQGPKRARESQDRKIFRGLEICCYGPFTNMPTDQLEWMVQLCGASVVKELSSFTLGTGVHPIVVVQPDAWTEDNGFHAIGQMCEAPVVTREWVLDSVALYQCQELDTYLIPQIPHSHY,UniProt
P48754,BRCA1_MOUSE,Brca1,"",Breast cancer type 1 susceptibility protein homolog,Mus musculus,1812,198795,5.0,MDLSAVQIQEVQNVLHAMQKILECPICLELIKEPVSTKCDHIFCKFCMLKLLNQKKGPSQCPLCKNEITKRSLQGSTRFSQLAEELLRIMAAFELDTGMQLTNGFSFSKKRNNSCERLNEEASIIQSVGYRNRVRRLPQVEPGNATLKDSLGVQLSNLGIVRSVKKNRQTQPRKKSVYIELDSDSSEETVTKPGDCSVRDQELLQTAPQEAGDEGKLHSAEEAACEFSEGIRNIEHHQCSDDLNPTENHATERHPEKCQSISISNVCVEPCGTDAHASSLQPETSSLLLIEDRMNAEKAEFCNKSKQPGIAVSQQSRWAASKGTCNDRQVPSTGEKVGPNADSLSDREKWTHPQSLCPENSGATTDVPWITLNSSVQKVNEWFSRTGEMLTSDSASARRHESNAEAAVVLEVSNEVDGGFSSSRKTDLVTPDPHHTLMCKSGRDFSKPVEDNISDKIFGKSYQRKGSRPHLNHVTEIIGTFITEPQITQEQPFTNKLKRKRSTSLQPEDFIKKADSAGVQRTPDNINQGTDLMEPNEQAVSTTSNCQENKIAGSNLQKEKSAHPTESLRKEPASTAGAKSISNSVSDLEVELNVHSSKAPKKNRLRRKSSIRCALPLEPISRNPSPPTCAELQIDSCGSSEETKKNHSNQQPAGHLREPQLIEDTEPAADAKKNEPNEHIRKRRASDAFPEEKLMNKAGLLTSCSSPRKSQGPVNPSPQRTGTEQLETRQMSDSAKELGDRVLGGEPSGKTTDRSEESTSVSLVSDTDYDTQNSVSVLDAHTVRYARTGSAQCMTQFVASENPKELVHGSNNAGSGTEGLKPPLRHALNLSQEKVEMEDSELDTQYLQNTFQVSKRQSFALFSKPRSPQKDCAHSVPSKELSPKVTAKGKQKERQGQEEFEISHVQAVAATVGLPVPCQEGKLAADTMCDRGCRLCPSSHYRSGENGLSATGKSGISQNSHFKQSVSPIRSSIKTDNRKPLTEGRFERHTSSTEMAVGNENILQSTVHTVSLNNRGNACQEAGSGSIHEVCSTGDSFPGQLGRNRGPKVNTVPPLDSMQPGVCQQSVPVSDKYLEIKKQEGEAVCADFSPCLFSDHLEQSMSGKVFQVCSETPDDLLDDVEIQGHTSFGEGDIMERSAVFNGSILRRESSRSPSPVTHASKSQSLHRASRKLESSEESDSTEDEDLPCFQHLLSRISNTPELTRCSSAVTQRMPEKAEGTQAPWKGSSSDCNNEVIMIEASQEHQFSEDPRCSGSMFSSQHSAAQGSTANANSQDSNFIPPSKQRSHQCGNEEAFLSDKELISDNEEMATCLEEDNDQEEDSIIPDSEASGYESETNLSEDCSQSDILTTQQRATMKYNLIKLQQEMAHLEAVLEQRGNQPSGHSPSLLADPCALEDLPDLEPNMSGAAILTSKNINENPVSQNLKSACDDKFQLQHLEGPTSGDDESGMGRPSPFKSPLAGSRGSAHGCSRHLQKRNSPSQEELLQPAGSEASSEPHNSTGQSCLPRRELEGTPYLGSGISLFSSRDPESESPKEPAHIGTTPASTSALKIPQGQVAFRSAAAAGADKAVVGIVSKIKPELTSSEERADRDISMVVSGLTPKEVMTVQKFAEKYRLTLTDAITEETTHVIIKTDAEFVCERTLKYFLGIAGGKWIVSYSWVVRSIQERRLLNVHEFEVKGDVVTGRNHQGPRRSRESREKLFKGLQVYCCEPFTNMPKDELERMLQLCGASVVKELPSLTHDTGAHLVVIVQPSAWTEDSNCPDIGQLCKARLVMWDWVLDSLSSYRCRDLDAYLVQNITCDSSEPQDSND,UniProt
P49768,PSN1_HUMAN,PSEN1,AD3|PS1|PSNL1,Presenilin-1,Homo sapiens,467,52668,5.0,MTELPAPLSYFQNAQMSEDNHLSNTVRSQNDNRERQEHNDRRSLGHPEPLSNGRPQGNSRQVVEQDEEEDEELTLKYGAKHVIMLFVPVTLCMVVVVATIKSVSFYTRKDGQLIYTPFTEDTETVGQRALHSILNAAIMISVIVVMTILLVVLYKYRCYKVIHAWLIISSLLLLFFFSFIYLGEVFKTYNVAVDYITVALLIWNFGVVGMISIHWKGPLRLQQAYLIMISALMALVFIKYLPEWTAWLILAVISVYDLVAVLCPKGPLRMLVETAQERNETLFPALIYSSTMVWLVNMAEGDPEAQRRVSKNSKYNAESTERESQDTVAENDDGGFSEEWEAQRDSHLGPHRSTPESRAAVQELSSSILAGEDPEERGVKLGLGDFIFYSVLVGKASATASGDWNTTIACFVAILIGLCLTLLLLAIFKKALPALPISITFGLVFYFATDYLVQPFMDQLAFHQFYI,UniProt
P49769,PSN1_MOUSE,Psen1,Ad3h|Psnl1,Presenilin-1,Mus musculus,467,52640,5.0,MTEIPAPLSYFQNAQMSEDSHSSSAIRSQNDSQERQQQHDRQRLDNPEPISNGRPQSNSRQVVEQDEEEDEELTLKYGAKHVIMLFVPVTLCMVVVVATIKSVSFYTRKDGQLIYTPFTEDTETVGQRALHSILNAAIMISVIVIMTILLVVLYKYRCYKVIHAWLIISSLLLLFFFSFIYLGEVFKTYNVAVDYVTVALLIWNFGVVGMIAIHWKGPLRLQQAYLIMISALMALVFIKYLPEWTAWLILAVISVYDLVAVLCPKGPLRMLVETAQERNETLFPALIYSSTMVWLVNMAEGDPEAQRRVPKNPKYNTQRAERETQDSGSGNDDGGFSEEWEAQRDSHLGPHRSTPESRAAVQELSGSILTSEDPEERGVKLGLGDFIFYSVLVGKASATASGDWNTTIACFVAILIGLCLTLLLLAIFKKALPALPISITFGLVFYFATDYLVQPFMDQLAFHQFYI,UniProt
P49810,PSN2_HUMAN,PSEN2,AD4|PS2|PSNL2|STM2,Presenilin-2,Homo sapiens,448,50140,5.0,MLTFMASDSEEEVCDERTSLMSAESPTPRSCQEGRQGPEDGENTAQWRSQENEEDGEEDPDRYVCSGVPGRPPGLEEELTLKYGAKHVIMLFVPVTLCMIVVVATIKSVRFYTEKNGQLIYTPFTEDTPSVGQRLLNSVLNTLIMISVIVVMTIFLVVLYKYRCYKFIHGWLIMSSLMLLFLFTYIYLGEVLKTYNVAMDYPTLLLTVWNFGAVGMVCIHWKGPLVLQQAYLIMISALMALVFIKYLPEWSAWVILGAISVYDLVAVLCPKGPLRMLVETAQERNEPIFPALIYSSAMVWTVGMAKLDPSSQGALQLPYDPEMEEDSYDSFGEPSYPEVFEPPLTGYPGEELEEEEERGVKLGLGDFIFYSVLVGKAAATGSGDWNTTLACFVAILIGLCLTLLLLAVFKKALPALPISITFGLIFYFSTDNLVRPFMDTLASHQLYI,UniProt
P53601,A4_MACFA,APP,A4|AD1,Amyloid-beta precursor protein,Macaca fascicularis,770,87072,5.0,MLPGLALLLLAAWTARALEVPTDGNAGLLAEPQIAMFCGRLNMHMNVQNGKWDSDPSGTKTCIDTKEGILQYCQEVYPELQITNVVEANQPVTIQNWCKRGRKQCKTHPHFVIPYRCLVGEFVSDALLVPDKCKFLHQERMDVCETHLHWHTVAKETCSEKSTNLHDYGMLLPCGIDKFRGVEFVCCPLAEESDNVDSADAEEDDSDVWWGGADTDYADGSEDKVVEVAEEEEVAEVEEEEADDDEDDEDGDEVEEEAEEPYEEATERTTSIATTTTTTTESVEEVVREVCSEQAETGPCRAMISRWYFDVTEGKCAPFFYGGCGGNRNNFDTEEYCMAVCGSVMSQSLRKTTREPLTRDPVKLPTTAASTPDAVDKYLETPGDENEHAHFQKAKERLEAKHRERMSQVMREWEEAERQAKNLPKADKKAVIQHFQEKVESLEQEAANERQQLVETHMARVEAMLNDRRRLALENYITALQAVPPRPRHVFNMLKKYVRAEQKDRQHTLKHFEHVRMVDPKKAAQIRSQVMTHLRVIYERMNQSLSLLYNVPAVAEEIQDEVDELLQKEQNYSDDVLANMISEPRISYGNDALMPSLTETKTTVELLPVNGEFSLDDLQPWHSFGADSVPANTENEVEPVDARPAADRGLTTRPGSGLTNIKTEEISEVKMDAEFRHDSGYEVHHQKLVFFAEDVGSNKGAIIGLMVGGVVIATVIVITLVMLKKKQYTSIHHGVVEVDAAVTPEERHLSKMQQNGYENPTYKFFEQMQN,UniProt
P55245,EGFR_MACMU,EGFR,"",Epidermal growth factor receptor,Macaca mulatta,1210,134350,5.0,MRPSGTAGAALLALLAALCPASRALEEKKVCQGTSNKLTQLGTFEDHFLSLQRMFNNCEVVLGNLEITYVQRNYDLSFLKTIQEVAGYVLIALNTVERIPLENLQIIRGNMYYENSYALAVLSNYDANKTGLKELPMRNLQEILHGAVRFSNNPALCNVESIQWRDIVSSEFLSNMSMDFQNHLGSCQKCDPSCPNGSCWGAGEENCQKLTKIICAQQCSGRCRGKSPSDCCHNQCAAGCTGPRESDCLVCRKFRDEATCKDTCPPLMLYNPTTYQMDVNPEGKYSFGATCVKKCPRNYVVTDHGSCVRACGADSYEMEEDGVRKCKKCEGPCRKVCNGIGIGEFKDTLSINATNIKHFKNCTSISGDLHILPVAFRGDSFTHTPPLDPQELDILKTVKEITGFLLIQAWPENRTDLHAFENLEIIRGRTKQHGQFSLAVVSLNITSLGLRSLKEISDGDVIISGNKNLCYANTINWKKLFGTSSQKTKIISNRGENSCKATGQVCHALCSPEGCWGPEPRDCVSCQNVSRGRECVDKCNVLEGEPREFVENSECIQCHPECLPQVMNITCTGRGPDNCIQCAHYIDGPHCVKTCPAGVMGENNTLVWKYADAGHVCHLCHPNCTYGCTGPGLEGCARNGPKIPSIATGMVGALLLLLVVALGIGLFMRRRHIVRKRTLRRLLQERELVEPLTPSGEAPNQALLRILKETEFKKIKVLGSGAFGTVYKGLWIPEGEKVKIPVAIKELREATSPKANKEILDEAYVMASVDNPHVCRLLGICLTSTVQLITQLMPFGCLLDYVREHKDNIGSQYLLNWCVQIAKGMNYLEDRRLVHRDLAARNVLVKTPQHVKITDFGLAKLLGAEEKEYHAEGGKVPIKWMALESILHRIYTHQSDVWSYGVTVWELMTFGSKPYDGIPASEISSILEKGERLPQPPICTIDVYMIMVKCWMIDADSRPKFRELIIEFSKMARDPQRYLVIQGDERMHLPSPTDSNFYRALMDEEDMDDVVDADEYLIPQQGFFSSPSTSRTPLLSSLSATSNNSTVACIDRNGLQSCPIKEDSFLQRYSSDPTGALTEDSIDDTFLPVPEYINQSVPKRPAGSVQNPVYHNQPLNPAPSRDPHYQDPHSTAVGNPEYLNTVQPTCVNSTFDSPAHWAQKGSHQISLDNPDYQQDFFPKEAKPNGIFKGSTAENAEYLRVAPQSSEFIGA,UniProt
P79307,A4_PIG,APP,A4|AD1,Amyloid-beta precursor protein,Sus scrofa,770,86961,5.0,MLPGLALVLLAAWTARALEVPTDGNAGLLAEPQVAMFCGKLNMHMNVQNGKWESDPSGTKTCIGTKEGILQYCQEVYPELQITNVVEANQPVTIQNWCKRSRKQCKTHTHIVIPYRCLVGEFVSDALLVPDKCKFLHQERMDVCETHLHWHTVAKETCSEKSTNLHDYGMLLPCGIDKFRGVEFVCCPLAEESDNIDSADAEEDDSDVWWGGADTDYADGSEDKVVEVAEEEEVADVEEEEAEDDEDDEDGDEVEEEAEEPYEEATERTTSIATTTTTTTESVEEVVREVCSEQAETGPCRAMISRWYFDVTEGKCAPFFYGGCGGNRNNFDTEEYCMAVCGSVMSQSLLKTTQEHLPQDPVKLPTTAASTPDAVDKYLETPGDENEHAHFQKAKERLEAKHRERMSQVMREWEEAERQAKNLPKADKKAVIQHFQEKVESLEQEAANERQQLVETHMARVEAMLNDRRRLALENYITALQAVPPRPRHVFNMLKKYVRAEQKDRQHTLKHFEHVRMVDPKKAAQIRSQVMTHLRVIYERMNQSLSLLYNVPAVAEEIQDEVDELLQKEQNYSDDVLANMISEPRISYGNDALMPSLTETKTTVELLPVNGEFSLDDLQPWHPFGVDSVPANTENEVEPVDARPAADRGLTTRPGSGLTNIKTEEISEVKMDAEFRHDSGYEVHHQKLVFFAEDVGSNKGAIIGLMVGGVVIATVIVITLVMLKKKQYTSIHHGVVEVDAAVTPEERHLSKMQQNGYENPTYKFFEQMQN,UniProt
P79801,PSN2_MICMU,PSEN2,PS2|PSNL2,Presenilin-2,Microcebus murinus,445,49475,5.0,MLTFMASDSEEEVCDERTSLMSAESPSPRSCQEGGQGPEDGDSTAQWRIQDSEEDGEEDPDRYVSSGVPGRPPGPEEELTLKYGAKHVIMLSVPVTLCMIVVVATIKSVRFYTEKNGQLIYTPFTEDTPSVSQRLLNSVLNTLIMISVIVVMTIFLVVLYKYRCYKFIHGWLIMSSLMLLFLFTYIYLGEVLKTYNVAMDYPTLVLTVWNFGAVGMVCIHWKGPLMLQQAYLIAISALMALVFIKYLPEWSAWVILGAISVYDLVAVLCPKGPLRMLVETAQERNEPIFPALIYSSAMVWTVGMAKLDPSSQGALQLPYDPEMEEDSYDSLGEPSYPEVFEAPLPGYPGEELEEEEERGVKLGLGDFIFYSVLVGKAAATGSGDWNTTLACFVAILIGLCLTLLLLAVFKKALPALPISITFGLVFYFSTDNLVRPFMDTLAYHQ,UniProt
P79802,PSN1_MICMU,PSEN1,PS1|PSNL1,Presenilin-1,Microcebus murinus,467,52385,5.0,MTELPAPLSYFQNAQMSEDNHLSNTVRSQNDNREQQDHGDRRRLGNPEPLSNGRPQGNSGPVVERDEEEDEELTLKYGAKHVIMLFVPVTLCMVVVVATIKSVSFYTRKDGQLIYTPFTEDTETVGQRALHSVLNAAIMISVIVVMTILLVVLYKYRCYKVIHAWLIISSLLLLFFFSFIYLGEVFKTYNVAVDYITVALLIWNFGVVGMISIHWKGPLRLQQAYLIMISALMALVFIKYLPEWTAWLILAVISVYDLVAVLCPKGPLRMLVETAQERNETLFPALIYSSTMVWLVNMAEGDPEAQRRVSKNTKYNAQGTEREAQASVPENDDGGFSEEWEAQRDSQLGPHRSTSVSRAAVQEISSSIPASEDPEERGVKLGLGDFVFYSVLVGKASATASGDWNTTIACFVAILIGLCLTLLLLAIFKKALPALPISITFGLVFYFATDYLVQPFMDQLAFHQFYI,UniProt
P86906,A4_FELCA,APP,"",Amyloid-beta precursor protein,Felis catus,40,4344,4.0,DAEFRHESGYEVHHQKLVFFAEDVGSNKGAIIGLMVGGVV,UniProt
P97887,PSN1_RAT,Psen1,Psnl1,Presenilin-1,Rattus norvegicus,468,52790,5.0,MTEIPAPLSYFQNAQMSEDSHSSSVRSQNDNQERQQHHDRQRLDNPESISNGRPQSNFTRQVIEQDEEEDEELTLKYGAKHVIMLFVPVTLCMVVVVATIKSVSFYTRKDGQLIYTPFTEDTETVGQRALHSILNAAIMISVIVVMTILLVVLYKYRCYKVIHAWLIVSSLLLLFFFSFIYLGEVFKTYNVAVDYITVALLIWNFGVVGMIAIHWKGPLRLQQAYLIMISALMALVFIKYLPEWTAWLILAVISVYDLVAVLCPKGPLRMLVETAQERNETLFPALIYSSTMVWLVNMAEGDPEAQRRVPKNPKYSTQGTEREETQDTGTGSDDGGFSEEWEAQRDSHLGPHRSTPESRAAVQELSGSILTSEDPEERGVKLGLGDFIFYSVLVGKASATASGDWNTTIACFVAILIGLCLTLLLLAIFKKALPALPISITFGLIFYFATDYLVQPFMDQLAFHQFYI,UniProt
Q01279,EGFR_MOUSE,Egfr,"",Epidermal growth factor receptor,Mus musculus,1210,134853,5.0,MRPSGTARTTLLVLLTALCAAGGALEEKKVCQGTSNRLTQLGTFEDHFLSLQRMYNNCEVVLGNLEITYVQRNYDLSFLKTIQEVAGYVLIALNTVERIPLENLQIIRGNALYENTYALAILSNYGTNRTGLRELPMRNLQEILIGAVRFSNNPILCNMDTIQWRDIVQNVFMSNMSMDLQSHPSSCPKCDPSCPNGSCWGGGEENCQKLTKIICAQQCSHRCRGRSPSDCCHNQCAAGCTGPRESDCLVCQKFQDEATCKDTCPPLMLYNPTTYQMDVNPEGKYSFGATCVKKCPRNYVVTDHGSCVRACGPDYYEVEEDGIRKCKKCDGPCRKVCNGIGIGEFKDTLSINATNIKHFKYCTAISGDLHILPVAFKGDSFTRTPPLDPRELEILKTVKEITGFLLIQAWPDNWTDLHAFENLEIIRGRTKQHGQFSLAVVGLNITSLGLRSLKEISDGDVIISGNRNLCYANTINWKKLFGTPNQKTKIMNNRAEKDCKAVNHVCNPLCSSEGCWGPEPRDCVSCQNVSRGRECVEKCNILEGEPREFVENSECIQCHPECLPQAMNITCTGRGPDNCIQCAHYIDGPHCVKTCPAGIMGENNTLVWKYADANNVCHLCHANCTYGCAGPGLQGCEVWPSGPKIPSIATGIVGGLLFIVVVALGIGLFMRRRHIVRKRTLRRLLQERELVEPLTPSGEAPNQAHLRILKETEFKKIKVLGSGAFGTVYKGLWIPEGEKVKIPVAIKELREATSPKANKEILDEAYVMASVDNPHVCRLLGICLTSTVQLITQLMPYGCLLDYVREHKDNIGSQYLLNWCVQIAKGMNYLEDRRLVHRDLAARNVLVKTPQHVKITDFGLAKLLGAEEKEYHAEGGKVPIKWMALESILHRIYTHQSDVWSYGVTVWELMTFGSKPYDGIPASDISSILEKGERLPQPPICTIDVYMIMVKCWMIDADSRPKFRELILEFSKMARDPQRYLVIQGDERMHLPSPTDSNFYRALMDEEDMEDVVDADEYLIPQQGFFNSPSTSRTPLLSSLSATSNNSTVACINRNGSCRVKEDAFLQRYSSDPTGAVTEDNIDDAFLPVPEYVNQSVPKRPAGSVQNPVYHNQPLHPAPGRDLHYQNPHSNAVGNPEYLNTAQPTCLSSGFNSPALWIQKGSHQMSLDNPDYQQDFFPKETKPNGIFKGPTAENAEYLRVAPPSSEFIGA,UniProt
Q03247,APOE_BOVIN,APOE,"",Apolipoprotein E,Bos taurus,316,35980,5.0,MKVLWVAVVVALLAGCQADMEGELGPEEPLTTQQPRGKDSQPWEQALGRFWDYLRWVQTLSDQVQEELLNTQVIQELTALMEETMKEVKAYKEELEGQLGPMAQETQARVSKELQAAQARLGSDMEDLRNRLAQYRSEVQAMLGQSTEELRARMASHLRKLPKRLLRDADDLKKRLAVYQAGASEGAERSLSAIRERFGPLVEQGQSRAATLSTLAGQPLLERAEAWRQKLHGRLEEVGVRAQDRLDKIRQQLEEVHAKVEEQGNQMRLQAEAFQARLRSWFEPLVEDMQRQWAGLVEKVQLALRPSPTSPPSENH,UniProt
Q05586,NMDZ1_HUMAN,GRIN1,NMDAR1,"Glutamate receptor ionotropic, NMDA 1",Homo sapiens,938,105373,5.0,MSTMRLLTLALLFSCSVARAACDPKIVNIGAVLSTRKHEQMFREAVNQANKRHGSWKIQLNATSVTHKPNAIQMALSVCEDLISSQVYAILVSHPPTPNDHFTPTPVSYTAGFYRIPVLGLTTRMSIYSDKSIHLSFLRTVPPYSHQSSVWFEMMRVYSWNHIILLVSDDHEGRAAQKRLETLLEERESKAEKVLQFDPGTKNVTALLMEAKELEARVIILSASEDDAATVYRAAAMLNMTGSGYVWLVGEREISGNALRYAPDGILGLQLINGKNESAHISDAVGVVAQAVHELLEKENITDPPRGCVGNTNIWKTGPLFKRVLMSSKYADGVTGRVEFNEDGDRKFANYSIMNLQNRKLVQVGIYNGTHVIPNDRKIIWPGGETEKPRGYQMSTRLKIVTIHQEPFVYVKPTLSDGTCKEEFTVNGDPVKKVICTGPNDTSPGSPRHTVPQCCYGFCIDLLIKLARTMNFTYEVHLVADGKFGTQERVNNSNKKEWNGMMGELLSGQADMIVAPLTINNERAQYIEFSKPFKYQGLTILVKKEIPRSTLDSFMQPFQSTLWLLVGLSVHVVAVMLYLLDRFSPFGRFKVNSEEEEEDALTLSSAMWFSWGVLLNSGIGEGAPRSFSARILGMVWAGFAMIIVASYTANLAAFLVLDRPEERITGINDPRLRNPSDKFIYATVKQSSVDIYFRRQVELSTMYRHMEKHNYESAAEAIQAVRDNKLHAFIWDSAVLEFEASQKCDLVTTGELFFRSGFGIGMRKDSPWKQNVSLSILKSHENGFMEDLDKTWVRYQECDSRSNAPATLTFENMAGVFMLVAGGIVAGIFLIFIEIAYKRHKDARRKQMQLAFAAVNVWRKNLQDRKSGRAEPDPKKKATFRAITSTLASSFKRRRSSKDTSTGGGRGALQNQKDTVLPRRAIEREEGQLQLCSRHRES,UniProt
Q0MS45,PSN2_PIG,PSEN2,"",Presenilin-2,Sus scrofa,448,50138,5.0,MLTFMASDSEEEVCDERTSLMSAESPTPRSCQEGRQGLEDGESAAQWRSQDSEEDHEEDPDRYVCSGVPGRPPGLEEELTLKYGAKHVIMLFVPVTLCMIVVVATIKSVRFYTEKNGQLIYTPFTEDTPSVGQRLLNSVLNTLIMISVIVVMTIFLVVLYKYRCYKFIHGWLITSSLMLLFLFTYIYLGEVLKTYNVAMDYPTLFLTVWNFGAVGMVCIHWKGPLVLQQAYLIMISALMALVFIKYLPEWSAWVILGAISVYDLVAVLCPKGPLRMLVETAQERNEPIFPALIYSSAMVWTVGMAKLDPSSQGALQLPYDPEMEEDSYDSFGEPSYPEVFEPPLPGYPGEELEEEEERGVKLGLGDFIFYSVLVGKAAATGSGDWNTTLACFVAILIGLCLTLLLLAVFKKALPALPISITFGLIFYFSTDNLVRPFMDTLASHQLYI,UniProt
Q11207,PARP2_ARATH,PARP2,APP,Poly [ADP-ribose] polymerase 2,Arabidopsis thaliana,637,72176,5.0,MANKLKVDELRLKLAERGLSTTGVKAVLVERLEEAIAEDTKKEESKSKRKRNSSNDTYESNKLIAIGEFRGMIVKELREEAIKRGLDTTGTKKDLLERLCNDANNVSNAPVKSSNGTDEAEDDNNGFEEEKKEEKIVTATKKGAAVLDQWIPDEIKSQYHVLQRGDDVYDAILNQTNVRDNNNKFFVLQVLESDSKKTYMVYTRWGRVGVKGQSKLDGPYDSWDRAIEIFTNKFNDKTKNYWSDRKEFIPHPKSYTWLEMDYGKEENDSPVNNDIPSSSSEVKPEQSKLDTRVAKFISLICNVSMMAQHMMEIGYNANKLPLGKISKSTISKGYEVLKRISEVIDRYDRTRLEELSGEFYTVIPHDFGFKKMSQFVIDTPQKLKQKIEMVEALGEIELATKLLSVDPGLQDDPLYYHYQQLNCGLTPVGNDSEEFSMVANYMENTHAKTHSGYTVEIAQLFRASRAVEADRFQQFSSSKNRMLLWHGSRLTNWAGILSQGLRIAPPEAPVTGYMFGKGVYFADMFSKSANYCYANTGANDGVLLLCEVALGDMNELLYSDYNADNLPPGKLSTKGVGKTAPNPSEAQTLEDGVVVPLGKPVERSCSKGMLLYNEYIVYNVEQIKMRYVIQVKFNYKH,UniProt
Q28053,A4_BOVIN,APP,"",Amyloid-beta precursor protein,Bos taurus,59,6414,4.0,ISEVKMDAEFRHDSGYEVHHQKLVFFAEDVGSNKGAIIGLMVGGVVIATVIVITLVMLK,UniProt
Q28280,A4_CANLF,APP,"",Amyloid-beta precursor protein,Canis lupus familiaris,58,6285,5.0,ISEVKMDAEFRHDSGYEVHHQKLVFFAEDVGSNKGAIIGLMVGGVVIATVIVITLVML,UniProt
Q28502,APOE_MACMU,APOE,"",Apolipoprotein E,Macaca mulatta,295,33563,5.0,MKVLWAALLVTFLAGCQAKVEQPVEPETEPELRQQAEGQSGQPWELALGRFWDYLRWVQTLSEQVQEELLSPQVTQELTTLMDETMKELKAYKSELEEQLSPVAEETRARLSKELQAAQARLGADMEDVRSRLVQYRSEVQAMLGQSTEELRARLASHLRKLRKRLLRDADDLQKRLARLGPLVEQGRVRAATVGSLASQPLQERAQAKLRARMEEMGSRTRDRLDEVKEQVAEVRAKLEEQAQQISLQAEAFQARLKSWFEPLVEDMQRQWAGLVEKVQAAVGASTAPVPSDNH,UniProt
Q28748,A4_RABIT,APP,"",Amyloid-beta precursor protein,Oryctolagus cuniculus,58,6300,5.0,SEVKMDAEFRHDSGYEVHHQKLVFFAEDVGSNKGAIIGLMVGGVVIATVIVITLVMLK,UniProt
Q28757,A4_SHEEP,APP,"",Amyloid-beta precursor protein,Ovis aries,58,6300,5.0,SEVKMDAEFRHDSGYEVHHQKLVFFAEDVGSNKGAIIGLMVGGVVIATVIVITLVMLK,UniProt
Q29149,A4_URSMA,APP,"",Amyloid-beta precursor protein,Ursus maritimus,57,6172,5.0,SEVKMDAEFRHDSGYEVHHQKLVFFAEDVGSNKGAIIGLMVGGVVIATVIVITLVML,UniProt
Q2U7S5,AMPP1_ASPOR,ampp,app,Probable Xaa-Pro aminopeptidase P,Aspergillus oryzae (strain ATCC 42149 / RIB 40),654,72826,3.0,MLFSRPPIRSPWISAFRSASQLPLSRPRFFSISLSRYSVDMETVNTSERLSRLRELMQEHKVDVYIVPSEDSHQSEYIAPCDGRREFISGFSGSAGTAIVSLSKAALSTDGRYFNQASKQLDNNWQLLKRGVEGFPTWQEWTTEQAEGGKVVGVDPALITASGARSLSETLKKNGSTLVGVQQNLVDLVWGKDRPAPPREKVRVHPEKYAGKSFQEKISELRKELESRKSAGFIVSMLDEIAWLFNLRGSDIPYNPVFFSFATITPTTTELYVDADKLTPEVTAHLGQDVVIKPYDAIYADAKALSETRKQEAGETASKFLLSNKASWALSLSLGGEGQVEEVRSPIGDAKAVKNDVELAGMRACHIRDGAALTEYFAWLENELVNKKSTLDEVDAADKLEQIRSKHDLFVGLSFDTISSTGPNGAVIHYKPEKGSCSIIDPNAIYLCDSGAQYLDGTTDVTRTFHFGQPTELEKKAFTLVLKGVIGLDTAVFPKGTSGFALDVLARQYLWKEGLDYLHGTGHGIGSYLNVHEGPIGVGTRVQYTEVPIAPGNVISDEPGFYEDGKFGIRIENVIMAREVQTTHKFGDKPWLGFEHVTMAPIGRNLIEPSLLSDAELKWVNDYHREIWEKTHHFFENDEYTRSWLQRETQPISK,UniProt
Q4JIM4,PSN1_CHICK,PSEN1,"",Presenilin-1,Gallus gallus,468,52831,5.0,MTELSAHLPQFQHGQMTENFPDNHLSNTNDNSERRRHDNSERRRNDNPGSETNGQPQNNIQQVVDQDEEEDEELTLKYGAKHVIMLFVPVTLCMVVVVATIKSVSFYTRKDGQLIYTPFTEETDTIGQRALNSILNAAIMISVIIVMTILLVVLYKYRCYKVIHGWLIISSLLLLFFFSFIYLGEVFKTYNVAMDYITVALIIWNFGVVGMICIHWKGPLRLQQAYLIMISALMALVFIKYLPEWTAWLILAVISVYDLVAVLCPKGPLRMLVETAQERNETLFPALIYSSTMVWLVNMAEEDPEGQRKASKNSTYDKQAPANQSQNEDAEADDGGFSQEWQQQRDNRIGPIESTPESRAAVQALPSNSQTSEDPEERGVKLGLGDFIFYSVLVGKASATASGDWNTTLACFVAILIGLCLTLLLLAIFKKALPALPISITFGLVFYFATDNLVQPFMDQLAFHQFYI,UniProt
Q5IS80,A4_PANTR,APP,A4|AD1,Amyloid-beta precursor protein,Pan troglodytes,770,86971,5.0,MLPGLALLLLAAWTARALEVPTDGNAGLLAEPQIAMFCGRLNMHMNVQNGKWDSDPSGTKTCIDTKEGILQYCQEVYPELQITNVVEANQPVTIQNWCKRGRKQCKTHPHFVIPYRCLVGEFVSDALLVPDKCKFLHQERMDVCETHLHWHTVAKETCSEKSTNLHDYGMLLPCGIDKFRGVEFVCCPLAEESDNVDSADAEEDDSDVWWGGADTDYADGSEDKVVEVAEEEEVAEVEEEEADDDEDDEDGDEVEEEAEEPYEEATERTTSIATTTTTTTESVEEVVREVCSEQAETGPCRAMISRWYFDVTEGKCAPFFYGGCGGNRNNFDTEEYCMAVCGSVMSQSLLKTTQEPLARDPVKLPTTAASTPDAVDKYLETPGDENEHAHFQKAKERLEAKHRERMSQVMREWEEAERQAKNLPKADKKAVIQHFQEKVESLEQEAANERQQLVETHMARVEAMLNDRRRLALENYITALQAVPPRPRHVFNMLKKYVRAEQKDRQHTLKHFEHVRMVDPKKAAQIRSQVMTHLRVIYERMNQSLSLLYNVPAVAEEIQDEVDELLQKEQNYSDDVLANMISEPRISYGNDALMPSLTETKTTVELLPVNGEFSLDDLQPWHSFGADSVPANTENEVEPVDARPAADRGLTTRPGSGLTNIKTEEISEVKMDAEFRHDSGYEVHHQKLVFFAEDVGSNKGAIIGLMVGGVVIATVIVITLVMLKKKQYTSIHHGVVEVDAAVTPEERHLSKMQQNGYENPTYKFFEQMQN,UniProt
Q5R1P0,NMDZ1_CANLF,GRIN1,NMDAR1,"Glutamate receptor ionotropic, NMDA 1",Canis lupus familiaris,943,106118,5.0,MSTMRLLTLALLFSCSFARAACDPKIVNIGAVLSTRKHEQMFREAVNQANKRHGSWKIQLNATSVTHKPNAIQMALSVCEDLISSQVYAILVSHPPTPNDHFTPTPVSYTAGFYRIPVLGLTTRMSIYSDKSIHLSFLRTVPPYSHQSSVWFEMMRVYSWNHIILLVSDDHEGRAAQKRLETLLEERESKSKKRNYENLDQLSYDHKRGPKAEKVLQFDPGTKNVTALLMEARELEARVIILSASEDDAATVYRAAAMLNMTGSGYVWLVGEREISGNALRYAPDGIIGLQLINGKNESAHISDAVGVVAQAVHELLEKENITDPPRGCVGNTNIWKTGPLFKRVLMSSKYADGVTGRVEFNEDGDRKFANYSIMNLQNRKLVQVGIYNGTHVIPNDRKIIWPGGETEKPRGYQMSTRLKIVTIHQEPFVYVKPTLSDGTCKEEFTVNGDPVKKVICTGPNDTSPGSPRHTVPQCCYGFCIDLLIKLARTMNFTYEVHLVADGKFGTQERVNNSNKKEWNGMMGELLSGQADMIVAPLTINNERAQYIEFSKPFKYQGLTILVKKEIPRSTLDSFMQPFQSTLWLLVGLSVHVVAVMLYLLDRFSPFGRFKVNSEEEEEDALTLSSAMWFSWGVLLNSGIGEGAPRSFSARILGMVWAGFAMIIVASYTANLAAFLVLDRPEERITGINDPRLRNPSDKFIYATVKQSSVDIYFRRQVELSTMYRHMEKHNYESAAEAIQAVRDNKLHAFIWDSAVLEFEASQKCDLVTTGELFFRSGFGIGMRKDSPWKQNVSLSILKSHENGFMEDLDKTWVRYQECDSRSNAPATLTFENMAGVFMLVAGGIVAGIFLIFIEIAYKRHKDARRKQMQLAFAAVNVWRKNLQDRKSGRAEPDPKKKATFRAITSTLASSFKRRRSSKDTQYHPTDITGTLNLSDPSVSTVV,UniProt
Q5R780,PSN1_PONAB,PSEN1,"",Presenilin-1,Pongo abelii,467,52583,5.0,MTELPAPLSYFQNAQMSEDNHLSNTVRSQNDNRERQEHNDRRSLGHPEPLSNGRPQGSSRQVVEQDEEEDEELTLKYGAKHVIMLFVPVTLCMVVVVATIKSVSFYTRKDGQLIYTPFTEDTETVGQRALHSILNAAIMISVIVVMTILLVVLYKYRCYKVIHAWLIISSLLLLFFFSFIYLGEVFKTYNVAVDYITVALLIWNFGVVGMISIHWKGPLRLQQAYLIMISALMALVFIKYLPEWTAWLILAVISVYDLVAVLCPKGPLRMLVETAQERNETLFPALIYSSTMVWLVNMAEGGPEAQRRVSKNSKYNAESTERESQDTVAENDDGGFSEEWEAQRDSHLGPHRSTPESRAAVQELSSSILAGEDPEERGVKLGLGDFIFYSVLVGKASATASGDWNTTIACFVAILIGLCLTLLLLAIFKKALPALPISITFGLVFYFATDYLVQPFMDQLAFHQFYI,UniProt
Q5RCN9,PSN2_PONAB,PSEN2,PS2|PSNL2,Presenilin-2,Pongo abelii,448,50126,5.0,MLTFMASDSEEEVCDERTSLMSAESPTPRSCQEGRQGPEDGENTAQWRSQENEEDGEEDPDRYICSGVPGRPPGLEEELTLKYGAKHVIMLFVPVTLCMIVVVATIKSVRFYTEKNGQLIYTPFTEDTPSVGQRLLNSVLNTLIMISVIVAMTIFLVVLYKYRCYKFIHGWLIMSSLMLLFLFTYIYLGEVLKTYNVAMDYPTLLLTVWNFGAVGMVCIHWKGPLVLQQAYLIMISALMALVFIKYLPEWSAWVILGAISVYDLVAVLCPKGPLRMLVETAQERNEPIFPALIYSSAMVWTVGMAKLDPSSQGALQLPYDPEMEEDSYDSFGEPSYPEVFEPPLTGYPGEELEEEEERGVKLGLGDFIFYSVLVGKAAATGSGDWNTTLACFVAILIGLCLTLLLLAVFKKALPALPISITFGLIFYFSTDNLVRPFMDTLASHQLYI,UniProt
Q60495,A4_CAVPO,APP,A4|AD1,Amyloid-beta precursor protein,Cavia porcellus,770,86883,5.0,MLPSLALLLLTTWTARALEVPTDGNAGLLAEPQIAMFCGKLNMHMNVQNGKWEPDPSGTKTCIGSKEGILQYCQEVYPELQITNVVEANQPVTIQNWCKRSRKQCKTHPHFVIPYRCLVGEFVSDALLVPDKCKFLHQERMDVCETHLHWHTVAKETCSEKSTNLHDYGMLLPCGIDKFRGVEFVCCPLAEESDNIDSADAEEDDSDVWWGGADTDYADGSEDKVVEVAEEEEVADVEEEEADDDEDVEDGDEVEEEAEEPYEEATEKTTSIATTTTTTTESVEEVVREVCSEQAETGPCRSMISRWYFDVTEGKCAPFFYGGCGGNRNNFDTEEYCMAVCGSVMSQNLLKTSGEPVSQGPVKLPTTAASTPDAVDKYLETPGDENEHAHFQKAKERLEAKHRERMSQVMREWEEAERQAKNLPKADKKAVIQHFQEKVESLEQEAANERQQLVETHMARVEAMLNDRRRLALENYITALQAVPPRPRHVFNMLKKYVRAEQKDRQHTLKHFEHVRMVDPKKAAQIRSQVMTHLRVIYERMNQSLSLLYNVPAVAEEIQDEVDELLQKEQNYSDDVLANMISEPRISYGNDALMPSLTETKTTVELLPVNGEFSLDDLQPWHPFGVDSVPANTENEVEPVDARPAADRGLTTRPGSGLTNIKTEEISEVKMDAEFRHDSGYEVHHQKLVFFAEDVGSNKGAIIGLMVGGVVIATVIVITLVMLKKKQYTSIHHGVVEVDAAVTPEERHLSKMQQNGYENPTYKFFEQMQN,UniProt
Q61144,PSN2_MOUSE,Psen2,Ad4h|Alg3|Ps-2|Ps2|Psnl2,Presenilin-2,Mus musculus,448,49983,5.0,MLAFMASDSEEEVCDERTSLMSAESPTSRSCQEGRPGPEDGESTAQWRTQESEEDCEEDPDRYACSGAPGRPSGLEEELTLKYGAKRVIMLFVPVTLCMIVVVATIKSVRFYTEKNGQLIYTPFTEDTPSVGQRLLNSVLNTLIMISVIVVMTIFLVVLYKYRCYKFIHGWLIMSSLMLLFLFTYIYLGEVLKTYNVAMDYPTLFLAVWNFGAVGMVCIHWKGPLVLQQAYLIVISALMALVFIKYLPEWSAWVILGAISVYDLVAVLCPKGPLRMLVETAQERNEPIFPALIYSSAMVWTVGMAKLDPSSQGALQLPYDPEMEEDSYDSFGEPSYPEAFEAPLPGYPGEELEEEEERGVKLGLGDFIFYSVLVGKAAATGNGDWNTTLACFIAILIGLCLTLLLLAVFKKALPALPISITFGLIFYFSTDNLVRPFMDTLASHQLYI,UniProt
Q6J6I8,BRCA1_GORGO,BRCA1,"",Breast cancer type 1 susceptibility protein homolog,Gorilla gorilla gorilla,1863,207761,5.0,MDLSALRVEEVQNVINAMQKILECPICLELIKEPVSTKCDHIFCKFCMLKLLNQKKGPSQCPLCKNDITKRSLQESTRFSQLVEELLKIICAFQLDTGLEYANSYNFAKKENNSPEHLKDEVSIIQSTGYRSRAKRLLQSEPENPSLQETGLSVQVSNLGTVRTLRTKQRIQPQKKSVYIELGSDSSEDTVNKATYCSVGDQELLQITPQGTRDEISLDSAKKAACEFSETDVTNTEHHQPSNNDLNTTEKRATERHPEKYQGSSVSNLHVEPCGTNTHASSLQHENSSLLLTKDRMNVEKAEFCNKNKQPGLARSQHNRWAGSKETCNDRRTPSTEKKVDLNADPLCERNEWNKQKLPCSENPRDTEDVPWITLNSSIQKVNEWFSRSDELLGSDDSHDGGSESNAKVADVLDVLNEVDEYSGSSEKIDLLASDPHEALICKSERVHSKSVESNIEDKIFGKTYRRKASLPSLSHVTENLIIGAFVTEPQIIQERPLTNKLKRKRRATSGLHPEDFIKKADLAVQKTPEMINQGTNQMEQNGQVMNITNSGHENKTKGDSIQNEKNPNPIESLEKESAFKTKAEPISSCISNMELELNIHNSKAPKKNRLRRKSSTRHIHALELVVSRNLSPPNCTELQIDSCSSSEEIKKKKYNQMPVRHSRNLQLMEDKEPATGAKKSNKPNEQTSKRHDSDTFPELKLTNAPGSFTNCSNTSELKEFVNPSLPREEKEEKLETVKVSNNAEDPKDLMLSGERVLQTERSVESSSISLVPGTDYGTQESISLLEVSTLGKAKTEPHKCVSQCAAFENPKGLIHGCSKDTRNDTEGFKYPLGHEVNHSRETSIEMEESELDAQYLQNTFKVSKRQSFALFSNPGNPEEECATFSAHSRSLKKQSPKVTFECEQKEENQGKNESNIKPVQTVNITAGFPVVCQKDKPVDYAKCSIKGGSRFCLSSQFRGNETGLITPNKHGLLQNPYHIPPLFPIKSFVKTKCKKNLLEENFEEHSMSPEREMGNENIPSTVSTISRNNIRENVFKEASSSNINEVGSSTNEVGSSINEVGSSDENIQAELGRNRGPKLNAMLRLGVLQPEVYKQSLPGSNCKHPEIKKQEYEEVVQTVNTDFSPCLISDNLEQPMGSSHASQVCSETPDDLLDDGEIKEDTSFAKNDIKESSAVFSKNVQRGELSRSPSPFTHTHLAQGYRRGAKKLESSEENLSSEDEELPCFQHLLFGKVSNIPSQSTRHSTVATECLSKNTEENLLSLKNSLNDCSNQVILAKTSQEHHLSEETKCSASLFSSQCSELEDLTANTNTQDPFLIGSSKQMRHQSESQGVGLSDKELVSDDEERGTGLEENNQEEQSMDSNLGEAASGCESETSVSEDCSGLSSQSDILTTQQRDTMQDNLIKLQQEMAELEAVLEQHGSQPSNSYPSIISDSSALEDLRNPEQSTSEKAVLTSQKSSEYPISQNPEGLSADKFEVSADSSTSKNKEPGVERSSPSKCPSLDDRWYMHSCSGSLQNRNYPSQEELIKVVDVEEQQLEESGPHDLTETSYLPRQDLEGTPYLESGISLFSDDPESDPSEDRAPESAHVGNIPSSTSALKVPQLKVAESAQSPAAAHTTNTAGYHAMEESVSREKPELTASTERVNKRMSMVVSGLTPEEFMLVYKFARKHHITLTNLITEETTHVVMKTDAEFVCERTLKYFLGIAGGKWVVSYFWVTQSIKEGKMLNEHDFEVRGDVVNGRNHQGPKRARESQDRKIFRGLDICCYGPFTNMPTDQLEWMVQLCGASVVKELSSFTLGTGVHPIVVVQPDAWTEDNGFHAIGQMCEAPVVTREWVLDSVALYQCQELDTYLIPQIPHSHY,UniProt
Q6J6I9,BRCA1_MACMU,BRCA1,"",Breast cancer type 1 susceptibility protein homolog,Macaca mulatta,1863,207790,5.0,MDLSAVRVEEVQNVINAMQKILECPICLELIKEPVSTKCDHIFCRFCMLKLLNQKKGPSQCPLCKNDITKRSLQESTRFSQLVEELLKIIHAFQLDTGLQFANSYNFAKKENHSPEHLKDEVSIIQSMGYRNRAKRLLQSEPENPSLQETSLSVPLSNLGIVRTLRTKQQIQPQKKSVYIELGSDSSEDTVNKATYCSVGDQELLQITPQGTRDETSLDSAKKAACEFSEKDITNTEHHQSSNNDLNTTEKHATERHPEKYQGSSVSNLHVEPCGTNTHASSLQHENSLLLTKDRMNVEKAEFCNKSKQPGLARSQHNRWTGSKETCNDRQTPSTEKKVDLNANALYERKEWNKQKLPCSENPRDAEDVPWITLNSSIQKVNEWFSRSDELLSSDDSHDGGSESNAKVADVLDVLNEVDEYSGSSEKIDLLASDPHEPLICKSERVHSSSVESNIKDKIFGKTYRRKANLPNLSHVTENLIIGALVTESQIMQERPLTNKLKRKRRTTSGLHPEDFIKKADLAVQKTPEIINQGTNQMEQNGQVMNITNSAHENKTKGDSIQNEKNPNAIESLEEESAFKTKAEPISSSINNMELELNIHNSKAPKKNRLRRKSSTRHIHALELVVSRNLSPPNCTELQIDSCSSSEEIKKKNYNQMPVRHSRNLQLMEDKESATGAKKSNKPNEQTSKRHASDTFPELKLTKVPGSFTNCSNTSELKEFVNPSLSREEKEEKLETVKVSNNAKDPKDLMLSGERVLQTERSVESSSISLVPDTDYGTQESISLLEVSTLGKAKTERNKCMSQCAAFENPKELIHGCSEDTRNDTEGFKYPLGSEVNHSQETSIEIEESELDTQYLQNTFKVSKRQSFALFSNPGNPEEECATFSAHSRSLKKQSPKVTSECEQKEENQGKKESNIKPVQTVNITAGFSVVCQKDKPVDNAKCSIKGGSRFCLSSQFRGNETGLITPNKHGLLQNPYHIPPLFPVKSFVKTKCNKNLLEENSEEHSVSPERAVGNENIIPSTVSTISHNNIRENAFKEASSSNINEVGSSTNEVGSSINEVGPSDENIQAELGRNRGPKLNAVLRLGLLQPEVCKQSLPISNCKHPEIKKQEHEELVQTVNTDFSPCLISDNLEQPMGSSHASEVCSETPDDLLDDGEIKEDTSFAANDIKESSAVFSKSIQRGELSRSPSPFTHTHLAQGYQKEAKKLESSEENLSSEDEELPCFQHLLFGKVSNIPSQTTRHSTVATECLSKNTEENLLSLKNSLTDCSNQVILAKASQEHHLSEETKCSGSLFSSQCSELEDLTANTNTQDPFLIGSSKRMRHQSESQGVGLSDKELVSDDEERGTGLEEDNQEEQSVDSNLGEAASGYESETSVSEDCSRLSSQSEILTTQQRDTMQDNLIKLQQEMAELEAVLEQHGSQPSNSYPSIITDSSALEDLRNPEQSTSEKAVLTSQKSSEYPINQNPEGLSADKFEVSADSSTSKNKEPGVERSSPSKCQSLEDRWYVHSSSGSLQNGNYPSQEELIKVVDVETQQLEKSGPHDLMEPSYLPRQDLDGTPYLESGISLFSDDPESDPSEDRAPESAHVGSIPSSTSALKVPQWQVAESAQSPAAAHNTNTAGYNAMEESVSRENPKLTASTERVNKRMSLVVSGLTPEEFMLVYKFARRYHIALTNLISEETTHVVMKTDAEFVCERTLKYFLGIAGGKWVVSYFWVTQSIKERKMLNEHDFEVRGDVVNGRNHQGPKRARESPDRKIFRGLEICCYGPFTNMPTDQLEWMVQLCGASVVKELSSFTLGTGFHPIVVVQPDAWTEDNGFHAIGQMCEAPVVTREWVLDSVALYQCQELDTYLIPQIPHSHY,UniProt
Q6J6J0,BRCA1_PONPY,BRCA1,"",Breast cancer type 1 susceptibility protein homolog,Pongo pygmaeus,1863,207954,5.0,MDLSAVRVEEVQNVINAMQKILECPICLELIKEPVSTKCDHIFCKFCMLKLLNQKKGPSQCPLCKNDITKRSLQESTRFSQLVEELLKIICAFQLDTGLQYANSYNFAKKENNSPEHLKDEVSIIQSMGYRNRAKRLLQSEPENPSLQETSPSVQLSNLGTVRTLRTKQRIQPQKKSVYIELGSDSSEDTVNKATYCSVGDQELLQITPQGTSDEISLDSAKKAACEFSETDVTNTEHHQPSNNDLNTTEKRATERHPEKYQGSSVSNLHVEPCGTNTHASSLQHENSSLLLTKDRMNVEKAEFCNKSKQPGLARSQHNRWAGSKETCNDRQTPSTEKKVDLNADPLCERKEWNKQKLPCSENPRDTEDVPWITLNSSIQKVNEWFSRSDELLGSDDSHDGRSESNAKVADVLDVLNEVDEYSGSSEKIDLLASDPHEALICKSERVHSKSVESNIEDKIFGKTYRRKASLPNLSHVTENLIIGAFVTEPQIIQERPLTNKLKRKRRATSGLHPEDFIKKADLAVQKTPEMINQGTNQMEQNGQVMNITNSGHENKTKGDSIQNEKNPNPIESLEKESAFKTKAEPISSSISNMELELNIHNSKAPKKNRLRRKSSTRHIHALELVVSRNLSPPNCTELQIDSCSSSEEIKKKKYNQMPVRHSRNLQLMEDKEPATGAKKSNKPNEQTSKRHDSDTFPELKLTNAPGSFTNCSNTSELKEFVNPSLPREEKEEKLGTVKVSNNAKDPKDLMLSGERVLQTERSVESSSISLVPGTDYGTQESISLLEVSTLGKAKTEPNKCVSQCAAFENPKELIHGCFKDTRNDTEGFKYPLGHEVNHSQETSIEMEESELDTQYLQNTFKVSKRQSFALFSNPGNPEEECATFSAHSRSLKKQSPKVTFECEQKEENQGKNESNIKPVQTANITAGFPVVCQKDKPVDYAKCSIKGGSRFCLSSQFRGNETGLITPNKHGLSQNPYHIPPLFPIKSFVKTKCKKNLLEENSEEHSMSPEREMGNENIPSTVSIISRNNIRENVFKEASSSNINEVGSSTNEVGSSINEVGSSDENIQAELGRSRGPKLNAMLRLGVLQPEVYKQSFPGSNGKHPEIKKQEYEEVLQTVNTDFSPCLISDNLEQPMRSSHASQVCSETPNDLLDDGEIKEDTSFAENDIKESSAVFSKSVQRGELSRSPSPFTHTHLAQGYRRGAKKLESSEENLSSEDEELPCFQHLLFGKVSNIPSQSTRHSTVATECLSKNTEENLLSLKNSLNDYSNQVILVKASQEHHLSEETKCSASLFSSQCSELEDLTANTNTQDRFFIGSSKQMRHQSESQGVGLSDKELVSDDEERGTDLEENNQEEQGVDSNLGEAASGYESETSVSEDCSGLSSQSDILTTQQRDTMQDNLIKLQQEMAELEAVLEQHGSQPSNSYPSIISDSSALEDLRNPEQSTSEKAVLTSQKSSEYPISQNPEGLSADKFEVSADSSTNKNKEPGVERSSPSKCPSLDDRWYMHSCSGSLQNGNYPSQEELIKVVDVEKQQLEESGPHDLTEPSYLPRQDLEGTPYLESGISLFSDDPESDASEDRAPESAHVGSIPSSTSALKVPQLKVAESAQSPAAAQTTNTAGYNAMEESVSREKPELTASTERVNKRMSMVVSGLTPEEFMLVYKFARKHHITLTNLITEETTHVVMKTDAEFVCERTLKYFLGIAGGKWVVSYFWVTQSIKERKMLNEHDFEVRGDVVNGRNHQGPKRARESQDRKIFRGLEICCYGPFTNMPTDQLEWIVQLCGASVVKELSSFTLGTGVHPIVVVQPDAWTEDNGFHAIGQMCEAPVVTREWVLDSVALYQCQELDTYLIPQIPHSHY,UniProt
Q6RH31,PSN1_CANLF,PSEN1,"",Presenilin-1,Canis lupus familiaris,466,52417,5.0,MTELPAPLSYFQNAQMSEDNHLSNTVRSQNDSREQHSSERRRRGNPEPLSNGRPQGSSHQVVEQDDEEDEELTLKYGAKHVIMLFVPVTLCMVVVVATIKSVSFYTRKDGQLIYTPFTEDTETVGQRALHSILNAAIMISVIVVMTILLVVLYKYRCYKVIHAWLIISSLLLLFLFSFIYLGEVFKTYNVAMDYITVALLIWNFGVVGMIAIHWKGPLRLQQAYLIMISALMALVFIKYLPEWTAWLILAVISVYDLVAVLCPKGPLRMLVETAQERNETLFPALIYSSTMVWLVNMAEGDPEAQRKVSKNSNYNAQSTESETQDPVTESDDGGFSEEWEAQRDSRLGPHHSTTETRAAVQELSSNILASEDPEERGVKLGLGDFIFYSVLVGKASATASGDWNTTIACFVAILIGLCLTLLLLAIFKKALPALPISITFGLVFYFATDYLVQPFMDQLAFHQFYI,UniProt
Q864U1,BRCA1_BOVIN,BRCA1,"",Breast cancer type 1 susceptibility protein homolog,Bos taurus,1849,206279,5.0,MDLSADHVEEVQNVLNAMQKILECPICLELIKEPVSTKCDHIFCKFCMLKLLNQKKGPSQCPLCKNDITKRSLQESTRFSQLVEELLKIIHAFELDTGLQFANSYNFSRKEDNSPEHLKEEVSIIQSMGYRNRAKRLWQSEPENPTLQETSLTVELSNLGIVRSLRTKQQTQSQNKSVYIELGSDSSEDTVNKASYFSVGDHELLEITPQGAKAKTNLNPAEKAACEFSEKDITNTEHHQLSIKDLITTQKHATETHPEKYQGISVSDFHVEPCGTDTHASSLQHENSSLLLTENRLNVEKAEFCNKSKQPVLVKSQQSRWAESKGTCKDRQIPSTEKKIVLNTDPLYRRKELRKQKPACPDSPGDSQDVPWVTLNNSIQKVNDWFSRSDEILTSDDSCDGGSESNNEVAGAVEIPNKVDGYSGSSEKINLMASDPHGTLIHERVHSKPVESNIEDKIFGKTYRRKSSLPNFSHIAEDLILGAFTVEPQITQEQPLTNKLKCKRRGTSGLQPEDFIKKVDLTIVPKTPEKMTEGTDQTEQKCHGMNITSDGHENKTKRDYVQKEQNANPAESLEKESVFRTEAEPISISISNMELELNIHRSKAPKNRLKRKSSTRKIPELELVVSRNPSLPNHTELPIDSSSSNEEMKKKHSSQMPVRQSQKLQLIGDKELTAGAKNNKTYEQINKRLASDAFPELKLTNTPGYFTNCSSKPEEFVHPSLQREENLGTIQVSNSTKDPKDLILREGKALQIERSVESTNISLVPDTDYSTQDSISLLEAKTPEKAKTAPNPCVSLCTATKNLKELIHRDFKDTKNNTEGFQDLLGHDINYVIQETSREMEDSELDTQYLQNTFKASKRQTFALFSNPGNPQKECATVFAHSGSLRDQSPRDPLKCRQKEDSQGKSESKSQHVQAICTTVHFPVADQQDRTPGDDAKCSAKEVTRVCQSSQLRGHKTELVFANKQGVSEKPNLIPSLSPIKSSVKTICKKSPSEKFEEPVTSPEKTLGSESIIQSAVSTISQNNIQESTFKEVSSNSVNEVGSSTNEVGSSVNEVGSSGENIQAEPGRNREPKLRALLGLGLTQPEVYKQSLPVSNCHHPEIKRQGENEDMPQAVKADFSPCLISDNLEQPTGSRHASQVCSETPDNLLNDDEIKENSHFAESDIKERSAVFSESVQKGEFRGSPGPFTHTHLAQGHQRGAGKLESEETVSSEDEELPCFQQLLFGKVTSTLSPSTGCNTVATEGLSKETEGNLESLKSGLNDCSGQVTSAKVSQEHHLNEEARCSGSLFSSQCSAMEDLTTNTNTQDPFLMFERPSKQVYQSESEEVLSDKELVSDDEERETGLEEDSCQEEQSVDSDLGEAVSDHVSETSLSEDGVGLSSQSDILTTQQRDTMQDNLLKLQQEMAELEAVLERHGSQPSHSSASLTADSRGPEHLLNLEQDTSERAILTSEKSRDYSRSQNPESLSADKFPVSLDSSTNKNKEPGMERSSASKFQLSYNRWYMHSSRSLQDRNCPSQKEPINVADMEEQQLAKREAQDLMGSFLPRQDQEGTPYLKSGISLFSHEPESDPSEDRAAEPAHVHSMPPSASALKLSQFRVEESTKNPAAAHIANTTRCNLREESMSKEKPEVISSTERSKKRLSMVASGLTPKELMLVQKFARKHHVTLTNLITEETTHVIMKTDPEFVCERTLKYFLGIAGGKWVVSYFWVTQSIKEGKMLDEHDFEVRGDVVNGRNHQGPKRARESRDKKIFKGLEICCYGPFTNMPTDQLEWMVQLCGASVVKEPSSFTPDQGTHPVVVVQPDAWTEDAGFHVIGQMCEAPVVTREWVLDSVALYQCQELDTYLVP,UniProt
Q8HXW5,PSN1_MACFA,PSEN1,PS1|PSNL1,Presenilin-1,Macaca fascicularis,467,52574,5.0,MTELPAPLSYFQNAQMSEDNHLSNTVRSQNDNRERQEHNDRRSLGHPEPLSNGRPQGNSRQVVEQDEEEDEELTLKYGAKHVIMLFVPVTLCMVVVVATIKSVSFYTRKDGQLIYTPFTEDTETVGQRALHSILNAAIMISVIVVMTILLVVLYKYRCYKVIHAWLIISSLLLLFFFSFKNLGEVFKTYNVAVDYITVALLIWNFGVVGMISIHWKGPLRLQQAYLIMISALMALVFIKYLPEWTAWLILAVISVYDLVAVLCPKGPLRMLVETAQERNETLFPALIYSSTMVWLVNMAEGDPEAQRRVSKNSKYNAESTERESQDTVAENDDGGFSEEWEAQRDSHLGPHRSTPESRAAVQELSSSILAGEDPEERGVKLGLGDFIFYSVLVGKASATASGDWNTTIACFVAILIGLCLTLLLLAIFKKALPALPISITFGLVFYSATDYLVQPFMDQLAFHQFYI,UniProt
Q8RXD4,BRCA1_ARATH,BRCA1,"",Protein BREAST CANCER SUSCEPTIBILITY 1 homolog,Arabidopsis thaliana,941,103922,5.0,MADTSHLERMGRELKCPICLSLYNSAVSLSCNHVFCNACIVKSMKMDATCPVCKIPYHRREIRGAPHMDSLVSIYKNMEDASGIKLFVSQNNPSPSDKEKQVRDASVEKASDKNRQGSRKGRASKRNEYGKTKEIDVDAPGPIVMKPSSQTKKRVQLLQNLSAESLTKPTESVETAEKPKDYTENTVIRLDEHPSLNKEGNLSPFFWLRDEDDGENSSQRTESDQLLGTTPVNVPSFSDLMDSDHESPSKEDEQQKPNPGDMFDSEMFEWTQRPCSPEILPSPVKAKVLGRDEIDLTQKKLPKVKVASSKCKNRKAGSARNTVARRSIGVSQEDNMESSAAATISEQQDSRGTSGTIIRNDVNTDENVKAKRATRSKAQSTRVQSDLNVSNEADGKQGTKRKRSSIKSSPAHPIAGPNELSLGTEIVGKGDQDQAHGPSDTHPEKRSPTEKPSLKKRGRKSNASSSLKDLSGKTQKKTSEKKLKLDSHMISSKATQPHGNGILTAGLNQGGDKQDSRNNRKSTVGKDDHTMQVIEKCSTINKSSSGGSAHLRRCNGSLTKKFTCAFCQCSEDTEASGEMTHYYRGEPVSADFNGGSKVIHVHKNCAEWAPNVYFNDLTIVNLDVELTRSRRISCSCCGLKGAALGCYNKSCKNSFHVTCAKLIPECRWDNVKFVMLCPLDASIKLPCEEANSKDRKCKRTPKEPLHSQPKQVSGKANIRELHIKQFHGFSKKLVLSCSGLTVEEKTVIAEFAELSGVTISKNWDSTVTHVIASINENGACKRTLKFMMAILEGKWILTIDWIKACMKNTKYVSEEPYEITMDVHGIREGPYLGRQRALKKKPKLFTGLKFYIMGDFELAYKGYLQDLIVAAGGTILRRRPVSSDDNEASTIVVFSVEPSKKKTLTQRRSDAEALAKSARARAASSSWVLDSIAGCQILVLI,UniProt
Q90X07,PSN2_CHICK,PSEN2,"",Presenilin-2,Gallus gallus,451,50500,4.0,MITFMNNSDSEDEPCNERTSLMSAESPPVPSYQDGLQASETREAQTHRKRQTGSSRSPNNVADEDASDSDVRVRESALENEEEELTLKYGAKHVIMLFVPVTLCMIVVVATIKSVRFYTEKNGQLIYTPFSEDTPSVGQRLLNSVLNTIIMISVIVVMTVFLVVLYKYRCYKFIHGWLILSSFMLLFLFTYIYLGEVLKTYNVAMDYPTVILIIWNFGAVGMIRIHWKGPLQLQQAYLIMISALMVLVFIKYLPEWSAWVILGAISIYDLIAVLCPKGPLRMLXETAQERNQPIFPALIYSSAMIWTVGMAKPDTAAKGQSQQAWDAEDERENHSSTSHSDSQILDTRSPAPSHPITLEEMEEEERGVKLGLGDFIFYSVLVGKAAATPSGDWNTTLAXXVAILIGLCLTLLLLAVFKKALPALPISITFGLIFYFSTDNLVRTDPLEISV,UniProt
Q90ZE4,PSN2_DANRE,psen2,"",Presenilin-2,Danio rerio,441,49169,5.0,MNTSDSEEDSYNERSALVQSESPTVPSYNQDNAMSLPQDTDSKRSGAVRSRSASGSGDAGPVDRERADTPDGEEEELTLKYGAKHVIMLFIPVTLCMVVVVATIKSVSFYTEKSGQRLIYTPFEEDPNSVGQRLLNSVLNTLVMISVIVFMTIILVLLYKYRCYKFIHGWLILSSLMLLFWFSFMYLGEVFKTYNVAMDYPTLLMIIWNFGVVGMICIHWKGPLRLQQAYLIVISALMALIFIKYLPEWSAWVILGAISIYDLIAVLCPKGPLRMLVETAQERNEPIFPALIYSSAMVWMVGMADSNNPDSAGERRRSGGGVRTQEGVESEHDAPQAGRRQYSAEEDLEEDRGVKLGLGDFIFYSVLVGKAAATGGDWNTTLACFVAILIGLCLTLLLLAIFKKALPALPISITFGLVFYFSTDNLVRPFMDSLAAHQYYI,UniProt
Q95153,BRCA1_CANLF,BRCA1,"",Breast cancer type 1 susceptibility protein homolog,Canis lupus familiaris,1878,208447,5.0,MDLSADRVEEVQNVLNAMQKILECPICLELIKEPVSTKCDHIFCKFCMLKLLNQRKGPSQCPLCKNDITKRSLQESTRFSQLVEELLKIIHAFELDTGLQFADSYNFSKKENNSPEHLKEEVSIIQSMGYRNRAKRLRQSEPENPTLETSLSVQLSNLGIVRSLRTKQQIQPQNKSVYIELGSDSSEDTVNKASSCSVGDDELEITSQGARAEASLNPAKKAACEFSGDITNIEHHQSSNKDLTTTEKHATKKHPEKYQGISVSNLHVEPCGTNTHASSLQHENSSLLLTKHRMNVEKAEICNNSKQPGLARSQQSRWAESKETCNDRQIPSTEKKVVVNADLLCGRKELNKQKPPHSDSPRDSQDVPWITLNSSIRKVNEWFSRSDEILTSDDSHDRGSELNTEVGGAVEVPNEVGEYSGSSEKIDLMASDPQDAFICESERVHTKPVGGNIEDKIFGKTYRRKASLPKVSHTTEVLTIGACAIEPQTMQTHPFMNKAEHKRRTTSSLHPEDFIKKVELGIVPKTPEKLIEGINQIKRDGHVINITNNGPENETEGDYVQKEKNANPTESLEKESAFRTKTEPMSSRISNMELELNSSSSKAPKKNRLRRKSSARHTCALEFVVNRNLNPPDHSELQIESCSSSEEMKKQHLDQVPVRHNKTLQLMQDKEPAGRAKKSSKPGEQINKRLASHAFPELTLTNVSGFFANYSSSSKPQECINPGLRREEIEESRRMTQVSDSTRDPKELVLSGGRGLQTERSVESTSISLVLDTDYGTQDSISLLEADTLRKAKTVSNQQANLCATIENPKEPIHGCSKDTRNDTEGFVVPLTCKDNHTQETSIEMEESELDTQCLRNMFKVSKRQSFALFSYPRDPEEDCVTVCPRSGAFGKQGPKVTLECGQKEESQGKKESEIRHVQAVHTNAGFSAVSQKAKKPGDFAKCSIKGVSRLCLSSQFKGKETELLIANYHGISQNPYHIPPLSPIRSCVKTLCQENLSEEKFEQHSMSPERAVGNERVIQSTVSTISQNNIRECASKEVGSSSVNEVVSSTNEVGSSVNEVGSSGENIQAELGRNRGPKLNAMLRLGLMQPEVCKQSLSLSNCKHPEMKWQGQSEGAVLSVSADFSPCLISDNPEQPMGSSRSSQVCSETPDDLLNGDKIKGKVSFAESDIKEKSAVFSKSVQSGEFSRSPSPSDHTRLAQGYQRGTKKLESSEENMSSEEEELPCFQHLIFGKVTNMPSQSTSHNAVAAEGLSNKTEENLDSLKNSLSDISNQVPSAKASQEHHLSEEARCSGSLFSSQCSALEDLTVNTNTQDPFSMFDPTSKQVRHQSENLDVLNDKELVSDDDDEREPGLEEDSPQEEQSVDSDLGEVASGYESETSLSEDCSRLSSQSDILTTQQRDTMQDNLIKLQQEMAELEAVLEQHESQPSNSSPSLIADSCSPEDLLNPEQNASERVLTSEKSSDSPISQNPESLSTDKFQVFLDSSTSKNGEPGMIRSSPSQSRLLDTRWYVHSCPRSLQDTNCPSQKELTKVVSMEEQQPTESEARDLMEQSYLSRPDLEGAPYLESGISLFSDDPESDPSSHRASELAHVSSMPTSTSALKLPQFQVEESAKSTAAVHIASTAGYNKSEDSVGIEKPEVISSTRGVNKRISMVASGLTPKEFMLVHKFARKHHISLTNLISEETTHVIMKTDAEFVCERTLKYFLGIAGGKWVVSYFWVTQSIKERKILDEHDFEVRGDVVNGRNHQGPKRARESQDRESQDRKIFRGLEICCYGPFTNMPTDQLEWMVHLCGASVVKEPSLFTLSKGTHPVVVVQPDAWTEDSGFHAIGQMCEAPVVTREWVLDSVALYQCQELDTYLIPQIPRTAADSSQPCV,UniProt
Q95241,A4_SAISC,APP,A4|AD1,Amyloid-beta precursor protein,Saimiri sciureus,751,84894,5.0,MLPGLALLLLAAWTARALEVPTDGNAGLLAEPQIAMFCGRLNMHMNVQNGKWDSDPSGTKTCIDTKEGILQYCQEVYPELQITNVVEANQPVTIQNWCKRDRKQCKTHPHIVIPYRCLVGEFVSDALLVPDKCKFLHQERMDVCETHLHWHTVAKETCSEKSTNLHDYGMLLPCGIDKFRGVEFVCCPLAEESDHVDSADAEEDDSDVWWGGADTDYADGSEDKVVEVAEEEEVAEVEEEEADDDEDDEDGDEVEEEAEEPYEEATERTTSIATTTTTTTESVEEVVREVCSEQAETGPCRAMISRWYFDVTEGKCAPFFYGGCGGNRNNFDTEEYCMAVCGSVIPTTAASTPDAVDKYLETPGDENEHAHFQKAKERLEAKHRERMSQVMREWEEAERQAKNLPKADKKAVIQHFQEKVESLEQEAANERQQLVETHMARVEAMLNDRRRLALENYITALQAVPPRPRHVFNMLKKYVRAEQKDRQHTLKHFEHVRMVDPKKAAQIRSQVMTHLRVIYERMNQSLSLLYNVPAVAEEIQDEVDELLQKEQNYSDDVLANMISEPRISYGNDALMPSLTETKTTVELLPVNGEFSLDDLQPWHSFGADSVPANTENEVEPVDARPAADRGLTTRPGSGLTNIKTEEISEVKMDAEFRHDSGYEVHHQKLVFFAEDVGSNKGAIIGLMVGGVVIATVIVITLVMLKKKQYTSIHHGVVEVDAAVTPEERHLSKMQQNGYENPTYKFFEQMQN,UniProt
Q9GJU3,APOE_PANTR,APOE,"",Apolipoprotein E,Pan troglodytes,317,36102,5.0,MKVLWAALLVTFLAGCQAKVEQVVETEPEPELHQQAEWQSGQRWELALGHFWDYLRWVQTLSEQVQEELLSSQVTQELTALMDETMKELKAYKSELEEQLTPVAEETRARLSKELQAAQARLGADMEDVRGRLVQYRGEVQAMLGQSTEELRARLASHLRKLRKRLLRDADDLQKRLAVYQAGAREGAERGVSAIRERLGPLVEQGRVRAATVGSLAGQPLQERAQAWGERLRARMEEMGSRTRDRLDEVKEQVAEVRAKLEEQAQQIRLQAEAFQARLKSWFEPLVEDMQRQWAGLVEKVQAAMGTSAAPVPSDNH,UniProt
Q9GKK8,BRCA1_PANTR,BRCA1,"",Breast cancer type 1 susceptibility protein homolog,Pan troglodytes,1863,207899,5.0,MDLSALRVEEVQNVINAMQKILECPICLELIKEPVSTKCDHIFCKFCMLKLLNQKKGPSQCPLCKNDITKRSLQESTRFSQLVEELLKIICAFQLDTGLEYANSYNFAKKENNSPEHLKDEVSIIQSMGYRNRAKRLLQSEPENPSLQETSLSVQLSNLGTVRTLRTKQRIQPQKKSVYIELGSDSSEDTVNKATYCSVGDQELLQITPQGTRDEISLDSAKKAACEFSETDVTNTEHHQPSNNDLNTTEKRATERHPEKYQGSSVSNLHVEPCGTNTHASSLQHENSSLLLTKDRMNVEKAEFCNKSKQPGLARSQHNRWAGSKETCNDRRTPSTEKKVDLNADPLCERKEWNKQKLPCSENPRDTEDVPWITLNSSIQKVNEWFSRSDELLGSDDSHDGGSESNAKVADVLDVLNEVDEYSGSSEKIDLLASDPHEALICKSERVHSKSVESNTEDKIFGKTYRRKASLPNLSHVTENLIIGAFVTEPQIIQERPLTNKLKRKRRATSGLHPEDFIKKADLAVQKTPEMINQGTNQMEQNGQVMNITNSGHENKTKGDSIQNEKNPNPIESLEKESAFKTKAEPISSSISNMELELNIHNSKAPKKNRLRRKSSTRHIHALELVVSRNLSPPNCTELQIDSCSSSEEIKKKKYNQMPVRHSRNLQLMEDKEPATGVKKSNKPNEQTSKRHDSDTFPELKLTNAPGSFTNCSNTSELKEFVNPSLPREEKEEKLETVKVSNNAEDPKDLMLSGERVLQTERSVESSSISLVPGTDYGTQESISLLEVSTLGKAKTEPNKCVSQCAAFENPKGLIHGCSKDTRNDTEGFKYPLGHEVNHSRETSIEMEESELDAQYLQNTFKVSKRQSFALFSNPGNPEEECATFSAHCRSLKKQSPKVTFEREQKEQNQGKNESNIKPVQTVNITAGFPVVCQKDKPVDYAKCSIKGGSRFCLSSQFRGNETGLITPNKHGLLQNPYHIPPLFPIKSFVKTKCKKNLLEENFEEHSMSPEREMGNENIPSTVSTISRNNIRENVFKEASSSNINEVGSSTNEVGSSINEVGSSDENIQAELGRNRGPKLNAMLRLGVLQPEVYKQSLPGSNCKHPEIKKQEYEEVVQTVNTDFSPCLISDNLEQPMGSSHASQVCSETPDDLLDDGEIKEDTSFAENDIKESSAVFSKSVQRGELSRSPSPFTHTHLAQGYRRGAKKLESSEENLSSEDEELPCFQHLLFGKVSNIPSQSTRHSTVATECLSKNTEENLLSLKNSLNDCSNQVILAKASQEHHLSEETKCSASLFSSQCSELEDLTANTNTQDPFLIGSSKQMRHQSESQGVGLSDKELVSDDEERGTGLEENNQEEQSMDSNLGEAASGCESETSVSEDCSGLSSQSDILTTQQRDTMQDNLIKLQQEMAELEAVLEQHGSQPSNSYPSIISDSSALEDLQNPEQSTSEKAVLTSQKSSEYPISQNPEGLSADKFEVSADSSTSKNKEPGVERSSPSKCPSLDDRWYMHSCSGSLQNRNYPSQEELIKVVDVEEQQLEESGPHDLTETSYLPRQDLEGTPYLESGISLFSDDPESDPSEDKAPESAHVGNIPSSTSALKVPQLKVAESAQSPAAAHTTNTAGYNAMEESVSREKPELTASTERVNKRMSMVVSGLTPEEFMLVYKFARKHHITLTNLITEETTHVVMKTDAEFVCERTLKYFLGIAGGKWVVSYFWVTQSIKERKMLNEHDFEVRGDVVNGRNHQGPKRARESQDRKIFRGLEICCYGPFTNMPTDQLEWMVQLCGASVVKELSSFTLGTGVHPIVVVQPDAWTEDNGFHAIGQMCEAPVVTREWVLDSVALYQCQELDTYLIPQIPHSHY,UniProt
Q9W6T7,PSN1_DANRE,psen1,"",Presenilin-1,Danio rerio,456,50981,5.0,MADLVQNAANNVLNDGMDTSRHTSSTAAPPSRNEVELNGQPPTAPPPQVVTDSEEDEDEELTLKYGAKHVIMLFIPVTLCMVVVVATIKSVSFYTQKDGQQLIYTPFREDTETVGQRALHSMLNAIIMISVIVVMTLVLVVLYKYRCYKVIQAWLFFSNLLLLFFFSLIYLGEVFKTYNVAMDYFTLALIIWNFGVVGMICIHWKGPLRLQQAYLIMISALMALVFIKYLPEWTAWLILAAISVYDLLAVLCPKGPLRILVETAQERNEAIFPALIYSSTMVWLFNMADSAETRNNSSHPVPQQENQVVAMAPTAQAEDDGGFTPAWVDHQQHQLGPMQSTEESRRQIQEMPSARPPPPADDDEERGVKLGLGDFIFYSMLVGKASATASGDWNTTLACFVAILIGLCLTLLLLAIFKKALPALPISITFGLVFYFATDNLVRPFMDQLAVHQFYI,UniProt
Q9XT96,PSN2_BOVIN,PSEN2,"",Presenilin-2,Bos taurus,449,50271,5.0,MLTFMASDSEEEVCDERTSLMSAESPTPRSCQDGRQGLEDGESAAQWRSQESEEDHEEEDPDRYVCSGVPGRPPGLEEELTLKYGAKHVIMLFVPVTLCMIVVVATIKSVRFYTEKNGQLIYTPFSEDTPSVGQRLLNSVLNTLIMISVIVTMTIFLVVLYKYRCYKFIHGWLIMSSLMLLFLFTYIYLGEVLKTYNVAMDYPTLFLTVWNFGAVGMVCIHWKGPLVLQQAYLIMISALMALVFIKYLPEWSAWVILGAISVYDLVAVLCPKGPLRMLVETAQERNEPIFPALIYSSAMVWTVGMAKLDPSSQGALQLPYDPEMEEDSYDSFGEPSYPDVFEPPLPGYPGEELEEEEERGVKLGLGDFIFYSVLVGKAAATGSGDWNTTLACFVAILIGLCLTLLLLAVFKKALPALPISITFGLIFYFSTDNLVRPFMDTLASHQLYI,UniProt
Q9XT97,PSN1_BOVIN,PSEN1,"",Presenilin-1,Bos taurus,478,53654,5.0,MTELPAPLSYFQNAQMSEDNHLSNTVRSQNDSRERHEHGNERRRRGNTESVSNGRAPSSSQQVVEQEEEEDEELTLKYGAKHVIMLFVPVTLCMVVVVATIKSVSFYTRKDGQLIYTPFTEDTETVAQRALHSILNAVIMISVIVIMTILLVVLYKYRCYKVIHAWLIVSSLLLLFFFSFIYLGEVFKTYNVAMDYISVALLIWNFGVVGMIAIHWKGPLRLQQAYLIMISALMALVFIKYLPEWTAWLILAVISVYDLVAVLCPKGPLRMLVETAQERNETLFPALIYSSTMVWLVNMAEGDPEAQRKVSKNSNYNAQRPANSPVTTTGTESESQDPVTESDDGGFSEEWEAQRDSRLGPHHSTAESRSAVQDLSSSILASEDPEERGVKLGLGDFIFYSVLVGKASATASGDWNTTIACFVAILIGLCLTLLLLAIFKKALPALPVSITFGLIFYFATDYLVQPFMDQLAFHQFYI,UniProt
